IndividualID,Predicted_Haplotype1,Predicted_Haplotype2,MeanPredictionEntropy
SAMPLE_1502,A*02_B*03_DRB1*01,A*04_B*02_DRB1*01,0.0
SAMPLE_2587,A*01_B*01_DRB1*03,A*01_B*01_DRB1*04,0.0
SAMPLE_2654,A*02_B*07_DRB1*02,A*03_B*04_DRB1*03,0.0
SAMPLE_1056,A*01_B*01_DRB1*01,A*02_B*06_DRB1*03,0.0
SAMPLE_0706,A*01_B*01_DRB1*04,A*02_B*04_DRB1*04,0.0
SAMPLE_0107,A*02_B*03_DRB1*01,A*04_B*02_DRB1*03,0.0
SAMPLE_0590,A*03_B*07_DRB1*02,A*04_B*06_DRB1*01,0.0
SAMPLE_2469,A*03_B*04_DRB1*04,A*05_B*07_DRB1*02,0.0
SAMPLE_2414,A*01_B*07_DRB1*02,A*04_B*04_DRB1*01,0.0
SAMPLE_1601,A*03_B*05_DRB1*04,A*03_B*06_DRB1*02,0.0
SAMPLE_2465,A*04_B*05_DRB1*03,A*05_B*06_DRB1*02,0.0
SAMPLE_0229,A*01_B*01_DRB1*02,A*03_B*03_DRB1*04,0.0
SAMPLE_0916,A*04_B*01_DRB1*03,A*05_B*07_DRB1*02,0.0
SAMPLE_0795,A*03_B*02_DRB1*04,A*04_B*05_DRB1*03,0.0
SAMPLE_3022,A*01_B*07_DRB1*01,A*03_B*02_DRB1*03,0.0
SAMPLE_3544,A*04_B*02_DRB1*01,A*04_B*03_DRB1*01,0.0
SAMPLE_1074,A*02_B*03_DRB1*04,A*03_B*06_DRB1*03,0.0
SAMPLE_3352,A*02_B*05_DRB1*02,A*02_B*07_DRB1*02,0.0
SAMPLE_1745,A*01_B*01_DRB1*04,A*03_B*02_DRB1*01,0.0
SAMPLE_1085,A*02_B*03_DRB1*01,A*04_B*06_DRB1*03,0.0
SAMPLE_0927,A*05_B*02_DRB1*01,A*05_B*03_DRB1*04,0.0
SAMPLE_3050,A*02_B*03_DRB1*03,A*05_B*01_DRB1*02,0.0
SAMPLE_1118,A*04_B*01_DRB1*03,A*04_B*03_DRB1*03,0.0
SAMPLE_0643,A*02_B*06_DRB1*01,A*03_B*05_DRB1*03,0.0
SAMPLE_4768,A*03_B*02_DRB1*01,A*03_B*02_DRB1*04,0.0
SAMPLE_0502,A*04_B*06_DRB1*01,A*05_B*03_DRB1*02,0.0
SAMPLE_4067,A*02_B*07_DRB1*02,A*05_B*07_DRB1*02,0.0
SAMPLE_0334,A*01_B*07_DRB1*04,A*02_B*02_DRB1*01,0.0
SAMPLE_4685,A*03_B*01_DRB1*03,A*05_B*07_DRB1*02,0.0
SAMPLE_0487,A*02_B*02_DRB1*02,A*04_B*06_DRB1*01,0.0
SAMPLE_1963,A*01_B*01_DRB1*03,A*05_B*07_DRB1*04,0.0
SAMPLE_0394,A*02_B*07_DRB1*04,A*04_B*01_DRB1*01,0.0
SAMPLE_4843,A*03_B*03_DRB1*02,A*03_B*06_DRB1*04,0.0
SAMPLE_4867,A*03_B*03_DRB1*04,A*05_B*01_DRB1*02,0.0
SAMPLE_1756,A*01_B*03_DRB1*02,A*02_B*06_DRB1*03,0.0
SAMPLE_2516,A*02_B*05_DRB1*02,A*03_B*05_DRB1*04,0.0
SAMPLE_3586,A*03_B*04_DRB1*01,A*05_B*04_DRB1*02,0.0
SAMPLE_4316,A*02_B*03_DRB1*02,A*04_B*02_DRB1*03,0.0
SAMPLE_4967,A*01_B*01_DRB1*01,A*02_B*02_DRB1*03,0.0
SAMPLE_2100,A*03_B*02_DRB1*04,A*04_B*02_DRB1*01,0.0
SAMPLE_3600,A*05_B*05_DRB1*03,A*05_B*06_DRB1*03,0.0
SAMPLE_4122,A*01_B*01_DRB1*02,A*03_B*01_DRB1*03,0.0
SAMPLE_0030,A*01_B*02_DRB1*04,A*02_B*06_DRB1*01,0.0
SAMPLE_0066,A*02_B*01_DRB1*02,A*03_B*02_DRB1*04,0.0
SAMPLE_0839,A*01_B*07_DRB1*04,A*02_B*03_DRB1*04,0.0
SAMPLE_3907,A*01_B*02_DRB1*01,A*03_B*04_DRB1*03,0.0
SAMPLE_3774,A*02_B*03_DRB1*01,A*05_B*01_DRB1*01,0.0
SAMPLE_4636,A*02_B*05_DRB1*03,A*03_B*05_DRB1*03,0.0
SAMPLE_3162,A*02_B*07_DRB1*01,A*03_B*06_DRB1*01,0.0
SAMPLE_2660,A*01_B*07_DRB1*01,A*03_B*06_DRB1*03,0.0
SAMPLE_4616,A*01_B*05_DRB1*02,A*03_B*04_DRB1*02,0.0
SAMPLE_4629,A*01_B*07_DRB1*02,A*02_B*02_DRB1*04,0.0
SAMPLE_2452,A*01_B*05_DRB1*02,A*02_B*05_DRB1*02,0.0
SAMPLE_2847,A*04_B*01_DRB1*04,A*04_B*03_DRB1*03,0.0
SAMPLE_1145,A*02_B*01_DRB1*02,A*03_B*04_DRB1*03,0.0
SAMPLE_3079,A*04_B*06_DRB1*01,A*04_B*06_DRB1*03,0.0
SAMPLE_1104,A*02_B*04_DRB1*01,A*05_B*03_DRB1*02,0.0
SAMPLE_0169,A*04_B*05_DRB1*01,A*05_B*03_DRB1*02,0.0
SAMPLE_1671,A*03_B*04_DRB1*03,A*05_B*07_DRB1*02,0.0
SAMPLE_2571,A*01_B*07_DRB1*02,A*03_B*05_DRB1*03,0.0
SAMPLE_2378,A*05_B*03_DRB1*01,A*05_B*03_DRB1*02,0.0
SAMPLE_4396,A*01_B*04_DRB1*03,A*05_B*02_DRB1*04,0.0
SAMPLE_4258,A*02_B*03_DRB1*04,A*02_B*05_DRB1*01,0.0
SAMPLE_3863,A*01_B*04_DRB1*03,A*05_B*06_DRB1*01,0.0
SAMPLE_0024,A*02_B*05_DRB1*03,A*03_B*05_DRB1*03,0.0
SAMPLE_2634,A*02_B*03_DRB1*04,A*03_B*04_DRB1*04,0.0
SAMPLE_3341,A*02_B*03_DRB1*01,A*04_B*02_DRB1*03,0.0
SAMPLE_2216,A*03_B*03_DRB1*02,A*04_B*06_DRB1*04,0.0
SAMPLE_3683,A*02_B*07_DRB1*02,A*03_B*04_DRB1*02,0.0
SAMPLE_4725,A*02_B*05_DRB1*01,A*02_B*06_DRB1*04,0.0
SAMPLE_1908,A*02_B*07_DRB1*01,A*03_B*03_DRB1*03,0.0
SAMPLE_0085,A*01_B*01_DRB1*02,A*04_B*02_DRB1*01,0.0
SAMPLE_0228,A*01_B*04_DRB1*04,A*03_B*04_DRB1*03,0.0
SAMPLE_0297,A*01_B*07_DRB1*04,A*02_B*06_DRB1*03,0.0
SAMPLE_1002,A*02_B*04_DRB1*01,A*05_B*03_DRB1*04,0.0
SAMPLE_2139,A*02_B*06_DRB1*03,A*02_B*07_DRB1*04,0.0
SAMPLE_0712,A*01_B*02_DRB1*01,A*01_B*06_DRB1*03,0.0
SAMPLE_2802,A*01_B*03_DRB1*02,A*04_B*05_DRB1*01,0.0
SAMPLE_2528,A*03_B*03_DRB1*02,A*04_B*02_DRB1*03,0.0
SAMPLE_3753,A*03_B*06_DRB1*03,A*05_B*07_DRB1*01,0.0
SAMPLE_3322,A*03_B*04_DRB1*03,A*05_B*04_DRB1*03,0.0
SAMPLE_3182,A*02_B*03_DRB1*04,A*03_B*02_DRB1*04,0.0
SAMPLE_4184,A*03_B*03_DRB1*01,A*05_B*01_DRB1*02,0.0
SAMPLE_1616,A*03_B*01_DRB1*04,A*04_B*05_DRB1*03,0.0
SAMPLE_3025,A*05_B*01_DRB1*04,A*05_B*05_DRB1*04,0.0
SAMPLE_1414,A*01_B*06_DRB1*01,A*04_B*04_DRB1*01,0.0
SAMPLE_0764,A*02_B*04_DRB1*04,A*02_B*05_DRB1*02,0.0
SAMPLE_0656,A*01_B*04_DRB1*03,A*05_B*03_DRB1*04,0.0
SAMPLE_4798,A*02_B*03_DRB1*03,A*02_B*07_DRB1*02,0.0
SAMPLE_3850,A*02_B*04_DRB1*03,A*02_B*06_DRB1*02,0.0
SAMPLE_4154,A*01_B*07_DRB1*03,A*02_B*06_DRB1*03,0.0
SAMPLE_0469,A*01_B*04_DRB1*04,A*05_B*01_DRB1*02,0.0
SAMPLE_0158,A*04_B*04_DRB1*03,A*05_B*02_DRB1*02,0.0
SAMPLE_1296,A*05_B*01_DRB1*04,A*05_B*02_DRB1*01,0.0
SAMPLE_0498,A*01_B*07_DRB1*04,A*02_B*03_DRB1*01,0.0
SAMPLE_4741,A*01_B*04_DRB1*04,A*02_B*04_DRB1*04,0.0
SAMPLE_2941,A*02_B*01_DRB1*02,A*04_B*02_DRB1*03,0.0
SAMPLE_3457,A*02_B*01_DRB1*02,A*02_B*02_DRB1*03,0.0
SAMPLE_0374,A*02_B*07_DRB1*02,A*03_B*06_DRB1*01,0.0
SAMPLE_0080,A*02_B*02_DRB1*04,A*04_B*06_DRB1*01,0.0
SAMPLE_1554,A*01_B*01_DRB1*02,A*04_B*06_DRB1*01,0.0
SAMPLE_1670,A*04_B*01_DRB1*01,A*04_B*03_DRB1*03,0.0
SAMPLE_2132,A*02_B*07_DRB1*04,A*03_B*01_DRB1*03,0.0
SAMPLE_4440,A*02_B*02_DRB1*02,A*02_B*07_DRB1*02,0.0
SAMPLE_0466,A*01_B*06_DRB1*03,A*05_B*02_DRB1*01,0.0
SAMPLE_0249,A*01_B*01_DRB1*01,A*04_B*03_DRB1*03,0.0
SAMPLE_0932,A*01_B*07_DRB1*01,A*03_B*06_DRB1*03,0.0
SAMPLE_1336,A*02_B*07_DRB1*04,A*04_B*02_DRB1*04,0.0
SAMPLE_4525,A*03_B*05_DRB1*03,A*05_B*06_DRB1*03,0.0
SAMPLE_1339,A*01_B*07_DRB1*01,A*02_B*03_DRB1*01,0.0
SAMPLE_1407,A*01_B*07_DRB1*01,A*04_B*03_DRB1*03,0.0
SAMPLE_1091,A*02_B*02_DRB1*02,A*02_B*05_DRB1*02,0.0
SAMPLE_4210,A*01_B*07_DRB1*02,A*04_B*06_DRB1*03,0.0
SAMPLE_0743,A*02_B*06_DRB1*01,A*02_B*07_DRB1*01,0.0
SAMPLE_2324,A*02_B*03_DRB1*04,A*04_B*03_DRB1*01,0.0
SAMPLE_3602,A*01_B*05_DRB1*04,A*03_B*04_DRB1*03,0.0
SAMPLE_2124,A*01_B*03_DRB1*02,A*02_B*05_DRB1*01,0.0
SAMPLE_2095,A*04_B*04_DRB1*02,A*04_B*05_DRB1*02,0.0
SAMPLE_0241,A*04_B*02_DRB1*02,A*04_B*04_DRB1*02,0.0
SAMPLE_2352,A*04_B*01_DRB1*02,A*04_B*03_DRB1*03,0.0
SAMPLE_1371,A*02_B*02_DRB1*03,A*02_B*07_DRB1*01,0.0
SAMPLE_1058,A*01_B*03_DRB1*04,A*04_B*06_DRB1*01,0.0
SAMPLE_4817,A*01_B*03_DRB1*02,A*04_B*04_DRB1*02,0.0
SAMPLE_0200,A*04_B*06_DRB1*04,A*04_B*06_DRB1*04,0.0
SAMPLE_2281,A*02_B*05_DRB1*04,A*04_B*04_DRB1*04,0.0
SAMPLE_4750,A*02_B*06_DRB1*03,A*05_B*02_DRB1*02,0.0
SAMPLE_2221,A*05_B*02_DRB1*02,A*05_B*03_DRB1*02,0.0
SAMPLE_4772,A*02_B*03_DRB1*04,A*03_B*06_DRB1*04,0.0
SAMPLE_2820,A*01_B*01_DRB1*02,A*01_B*02_DRB1*04,0.0
SAMPLE_3151,A*03_B*02_DRB1*04,A*05_B*01_DRB1*02,0.0
SAMPLE_4257,A*04_B*04_DRB1*03,A*04_B*05_DRB1*01,0.0
SAMPLE_3108,A*05_B*01_DRB1*01,A*05_B*01_DRB1*03,0.0
SAMPLE_1974,A*04_B*01_DRB1*02,A*04_B*03_DRB1*03,0.0
SAMPLE_1376,A*02_B*07_DRB1*03,A*04_B*03_DRB1*03,0.0
SAMPLE_3969,A*03_B*01_DRB1*02,A*04_B*05_DRB1*01,0.0
SAMPLE_4063,A*01_B*01_DRB1*04,A*02_B*04_DRB1*01,0.0
SAMPLE_4446,A*02_B*04_DRB1*03,A*05_B*02_DRB1*01,0.0
SAMPLE_3558,A*03_B*04_DRB1*03,A*05_B*05_DRB1*04,0.0
SAMPLE_0965,A*01_B*03_DRB1*04,A*04_B*02_DRB1*01,0.0
SAMPLE_0180,A*03_B*06_DRB1*02,A*05_B*07_DRB1*02,0.0
SAMPLE_3699,A*01_B*04_DRB1*03,A*05_B*07_DRB1*01,0.0
SAMPLE_3822,A*02_B*03_DRB1*03,A*03_B*02_DRB1*03,0.0
SAMPLE_4879,A*02_B*02_DRB1*04,A*05_B*07_DRB1*04,0.0
SAMPLE_3900,A*02_B*02_DRB1*03,A*02_B*03_DRB1*03,0.0
SAMPLE_4488,A*03_B*02_DRB1*04,A*03_B*06_DRB1*03,0.0
SAMPLE_3239,A*01_B*05_DRB1*01,A*03_B*05_DRB1*03,0.0
SAMPLE_2975,A*04_B*02_DRB1*01,A*05_B*03_DRB1*04,0.0
SAMPLE_3581,A*03_B*01_DRB1*02,A*04_B*06_DRB1*01,0.0
SAMPLE_2888,A*01_B*07_DRB1*02,A*02_B*01_DRB1*03,0.0
SAMPLE_2576,A*02_B*01_DRB1*03,A*02_B*05_DRB1*03,0.0
SAMPLE_1420,A*02_B*07_DRB1*02,A*04_B*07_DRB1*01,0.0
SAMPLE_3908,A*02_B*02_DRB1*03,A*03_B*05_DRB1*03,0.0
SAMPLE_4674,A*04_B*06_DRB1*01,A*05_B*03_DRB1*04,0.0
SAMPLE_4903,A*03_B*01_DRB1*01,A*05_B*07_DRB1*02,0.0
SAMPLE_1861,A*02_B*06_DRB1*03,A*05_B*02_DRB1*03,0.0
SAMPLE_0009,A*02_B*05_DRB1*02,A*03_B*05_DRB1*04,0.0
SAMPLE_2895,A*02_B*02_DRB1*04,A*05_B*07_DRB1*02,0.0
SAMPLE_2848,A*02_B*06_DRB1*04,A*04_B*05_DRB1*03,0.0
SAMPLE_3665,A*02_B*07_DRB1*02,A*03_B*01_DRB1*01,0.0
SAMPLE_0145,A*02_B*01_DRB1*02,A*04_B*04_DRB1*04,0.0
SAMPLE_2105,A*01_B*02_DRB1*04,A*01_B*03_DRB1*04,0.0
SAMPLE_3144,A*03_B*02_DRB1*03,A*05_B*03_DRB1*02,0.0
SAMPLE_0842,A*04_B*02_DRB1*01,A*05_B*02_DRB1*04,0.0
SAMPLE_1129,A*03_B*02_DRB1*03,A*03_B*05_DRB1*03,0.0
SAMPLE_0152,A*03_B*02_DRB1*04,A*04_B*06_DRB1*01,0.0
SAMPLE_3592,A*05_B*01_DRB1*01,A*05_B*01_DRB1*01,0.0
SAMPLE_1053,A*02_B*05_DRB1*04,A*05_B*01_DRB1*02,0.0
SAMPLE_1591,A*01_B*04_DRB1*04,A*02_B*04_DRB1*03,0.0
SAMPLE_3009,A*01_B*06_DRB1*02,A*03_B*05_DRB1*04,0.0
SAMPLE_2030,A*05_B*04_DRB1*04,A*05_B*07_DRB1*02,0.0
SAMPLE_3419,A*02_B*07_DRB1*01,A*04_B*02_DRB1*01,0.0
SAMPLE_1808,A*01_B*07_DRB1*04,A*02_B*03_DRB1*01,0.0
SAMPLE_2697,A*04_B*03_DRB1*01,A*05_B*01_DRB1*02,0.0
SAMPLE_3040,A*02_B*06_DRB1*04,A*03_B*06_DRB1*03,0.0
SAMPLE_0473,A*01_B*01_DRB1*02,A*02_B*01_DRB1*04,0.0
SAMPLE_3290,A*02_B*07_DRB1*02,A*03_B*07_DRB1*01,0.0
SAMPLE_4075,A*02_B*03_DRB1*04,A*02_B*05_DRB1*01,0.0
SAMPLE_3497,A*01_B*03_DRB1*04,A*02_B*02_DRB1*04,0.0
SAMPLE_0280,A*04_B*02_DRB1*04,A*04_B*06_DRB1*01,0.0
SAMPLE_1742,A*02_B*04_DRB1*02,A*05_B*05_DRB1*02,0.0
SAMPLE_4625,A*02_B*01_DRB1*02,A*02_B*05_DRB1*03,0.0
SAMPLE_2887,A*02_B*03_DRB1*04,A*04_B*05_DRB1*03,0.0
SAMPLE_1942,A*02_B*06_DRB1*04,A*05_B*02_DRB1*02,0.0
SAMPLE_0101,A*01_B*03_DRB1*04,A*04_B*02_DRB1*04,0.0
SAMPLE_2805,A*03_B*03_DRB1*01,A*03_B*03_DRB1*03,0.0
SAMPLE_3571,A*01_B*05_DRB1*03,A*05_B*06_DRB1*04,0.0
SAMPLE_3685,A*02_B*04_DRB1*03,A*05_B*01_DRB1*01,0.0
SAMPLE_3662,A*03_B*05_DRB1*02,A*04_B*04_DRB1*02,0.0
SAMPLE_0531,A*05_B*03_DRB1*03,A*05_B*07_DRB1*02,0.0
SAMPLE_1887,A*02_B*06_DRB1*01,A*04_B*06_DRB1*03,0.0
SAMPLE_0682,A*04_B*02_DRB1*01,A*04_B*02_DRB1*02,0.0
SAMPLE_3795,A*01_B*03_DRB1*02,A*03_B*05_DRB1*03,0.0
SAMPLE_3945,A*02_B*05_DRB1*04,A*02_B*07_DRB1*04,0.0
SAMPLE_4667,A*03_B*02_DRB1*04,A*04_B*05_DRB1*04,0.0
SAMPLE_2019,A*05_B*01_DRB1*02,A*05_B*07_DRB1*02,0.0
SAMPLE_1097,A*03_B*07_DRB1*01,A*04_B*03_DRB1*03,0.0
SAMPLE_0830,A*02_B*07_DRB1*04,A*03_B*03_DRB1*01,0.0
SAMPLE_2806,A*01_B*03_DRB1*02,A*04_B*03_DRB1*03,0.0
SAMPLE_3830,A*03_B*02_DRB1*02,A*04_B*04_DRB1*04,0.0
SAMPLE_4382,A*03_B*04_DRB1*03,A*05_B*05_DRB1*03,0.0
SAMPLE_3892,A*01_B*03_DRB1*03,A*05_B*01_DRB1*02,0.0
SAMPLE_0765,A*03_B*06_DRB1*03,A*05_B*01_DRB1*01,0.0
SAMPLE_2768,A*01_B*04_DRB1*01,A*01_B*07_DRB1*01,0.0
SAMPLE_4329,A*02_B*01_DRB1*01,A*03_B*06_DRB1*03,0.0
SAMPLE_3296,A*02_B*03_DRB1*02,A*03_B*05_DRB1*02,0.0
SAMPLE_2195,A*01_B*02_DRB1*02,A*01_B*04_DRB1*01,0.0
SAMPLE_2358,A*02_B*05_DRB1*02,A*03_B*05_DRB1*04,0.0
SAMPLE_3426,A*02_B*05_DRB1*03,A*05_B*02_DRB1*03,0.0
SAMPLE_3980,A*01_B*01_DRB1*04,A*01_B*06_DRB1*03,0.0
SAMPLE_0912,A*04_B*02_DRB1*01,A*05_B*01_DRB1*01,0.0
SAMPLE_3146,A*01_B*07_DRB1*01,A*02_B*06_DRB1*03,0.0
SAMPLE_1000,A*01_B*02_DRB1*04,A*02_B*04_DRB1*04,0.0
SAMPLE_3654,A*02_B*05_DRB1*03,A*05_B*02_DRB1*01,0.0
SAMPLE_2484,A*04_B*05_DRB1*01,A*05_B*07_DRB1*04,0.0
SAMPLE_4077,A*01_B*04_DRB1*01,A*05_B*06_DRB1*02,0.0
SAMPLE_2371,A*01_B*05_DRB1*04,A*04_B*04_DRB1*04,0.0
SAMPLE_4839,A*01_B*06_DRB1*03,A*05_B*03_DRB1*02,0.0
SAMPLE_0034,A*01_B*06_DRB1*03,A*05_B*01_DRB1*01,0.0
SAMPLE_3790,A*04_B*04_DRB1*04,A*05_B*05_DRB1*02,0.0
SAMPLE_1021,A*03_B*02_DRB1*01,A*05_B*07_DRB1*04,0.0
SAMPLE_1648,A*01_B*03_DRB1*01,A*05_B*07_DRB1*01,0.0
SAMPLE_0734,A*02_B*07_DRB1*04,A*05_B*07_DRB1*02,0.0
SAMPLE_4583,A*05_B*02_DRB1*04,A*05_B*06_DRB1*01,0.0
SAMPLE_3275,A*01_B*02_DRB1*04,A*03_B*06_DRB1*01,0.0
SAMPLE_1621,A*03_B*01_DRB1*04,A*03_B*02_DRB1*03,0.0
SAMPLE_3136,A*02_B*05_DRB1*03,A*05_B*06_DRB1*04,0.0
SAMPLE_2690,A*02_B*02_DRB1*04,A*05_B*01_DRB1*04,0.0
SAMPLE_2708,A*01_B*07_DRB1*04,A*02_B*02_DRB1*03,0.0
SAMPLE_0298,A*03_B*04_DRB1*03,A*05_B*04_DRB1*02,0.0
SAMPLE_2340,A*04_B*02_DRB1*04,A*04_B*03_DRB1*02,0.0
SAMPLE_0654,A*04_B*05_DRB1*03,A*05_B*01_DRB1*03,0.0
SAMPLE_3775,A*04_B*05_DRB1*02,A*05_B*02_DRB1*02,0.0
SAMPLE_1256,A*01_B*03_DRB1*01,A*05_B*03_DRB1*04,0.0
SAMPLE_4521,A*01_B*06_DRB1*04,A*02_B*05_DRB1*01,0.0
SAMPLE_0231,A*01_B*03_DRB1*01,A*04_B*05_DRB1*01,0.0
SAMPLE_3277,A*01_B*01_DRB1*02,A*04_B*01_DRB1*01,0.0
SAMPLE_3231,A*02_B*03_DRB1*04,A*04_B*04_DRB1*01,0.0
SAMPLE_0692,A*02_B*03_DRB1*03,A*05_B*07_DRB1*01,0.0
SAMPLE_2755,A*02_B*03_DRB1*04,A*03_B*03_DRB1*03,0.0
SAMPLE_4864,A*02_B*02_DRB1*03,A*05_B*01_DRB1*01,0.0
SAMPLE_0970,A*01_B*03_DRB1*02,A*03_B*04_DRB1*03,0.0
SAMPLE_0634,A*02_B*07_DRB1*02,A*03_B*04_DRB1*03,0.0
SAMPLE_4093,A*01_B*06_DRB1*04,A*02_B*04_DRB1*03,0.0
SAMPLE_4078,A*01_B*01_DRB1*03,A*05_B*07_DRB1*04,0.0
SAMPLE_1322,A*04_B*02_DRB1*01,A*05_B*01_DRB1*04,0.0
SAMPLE_1832,A*01_B*01_DRB1*04,A*01_B*02_DRB1*04,0.0
SAMPLE_2179,A*02_B*02_DRB1*02,A*04_B*02_DRB1*01,0.0
SAMPLE_1418,A*02_B*05_DRB1*04,A*05_B*07_DRB1*02,0.0
SAMPLE_1783,A*03_B*03_DRB1*01,A*04_B*06_DRB1*03,0.0
SAMPLE_4716,A*02_B*02_DRB1*01,A*05_B*01_DRB1*01,0.0
SAMPLE_4702,A*02_B*07_DRB1*02,A*03_B*05_DRB1*01,0.0
SAMPLE_4119,A*04_B*05_DRB1*02,A*05_B*01_DRB1*02,0.0
SAMPLE_1653,A*02_B*02_DRB1*02,A*02_B*06_DRB1*04,0.0
SAMPLE_1484,A*03_B*07_DRB1*01,A*04_B*06_DRB1*01,0.0
SAMPLE_2276,A*01_B*05_DRB1*03,A*05_B*01_DRB1*03,0.0
SAMPLE_0878,A*05_B*01_DRB1*03,A*05_B*07_DRB1*02,0.0
SAMPLE_3526,A*03_B*05_DRB1*03,A*05_B*03_DRB1*04,0.0
SAMPLE_2017,A*01_B*03_DRB1*04,A*05_B*07_DRB1*04,0.0
SAMPLE_0427,A*02_B*04_DRB1*03,A*05_B*02_DRB1*02,0.0
SAMPLE_0627,A*01_B*05_DRB1*01,A*01_B*05_DRB1*02,0.0
SAMPLE_1590,A*04_B*04_DRB1*01,A*05_B*01_DRB1*04,0.0
SAMPLE_2224,A*01_B*01_DRB1*03,A*05_B*07_DRB1*04,0.0
SAMPLE_2218,A*01_B*03_DRB1*02,A*02_B*04_DRB1*02,0.0
SAMPLE_4484,A*04_B*01_DRB1*02,A*04_B*06_DRB1*02,0.0
SAMPLE_1486,A*01_B*07_DRB1*02,A*02_B*07_DRB1*01,0.0
SAMPLE_1740,A*02_B*07_DRB1*04,A*03_B*04_DRB1*03,0.0
SAMPLE_2481,A*02_B*01_DRB1*01,A*03_B*06_DRB1*03,0.0
SAMPLE_2585,A*02_B*01_DRB1*03,A*05_B*01_DRB1*01,0.0
SAMPLE_2894,A*02_B*02_DRB1*01,A*05_B*03_DRB1*04,0.0
SAMPLE_0150,A*01_B*03_DRB1*04,A*04_B*02_DRB1*01,0.0
SAMPLE_0677,A*03_B*02_DRB1*01,A*04_B*06_DRB1*03,0.0
SAMPLE_1262,A*02_B*05_DRB1*01,A*02_B*07_DRB1*02,0.0
SAMPLE_4918,A*01_B*01_DRB1*02,A*01_B*05_DRB1*02,0.0
SAMPLE_0013,A*03_B*03_DRB1*02,A*05_B*01_DRB1*02,0.0
SAMPLE_1834,A*01_B*02_DRB1*03,A*05_B*07_DRB1*01,0.0
SAMPLE_3249,A*01_B*07_DRB1*01,A*02_B*01_DRB1*03,0.0
SAMPLE_1492,A*04_B*05_DRB1*01,A*05_B*02_DRB1*02,0.0
SAMPLE_2728,A*02_B*02_DRB1*02,A*04_B*05_DRB1*02,0.0
SAMPLE_3687,A*01_B*01_DRB1*04,A*04_B*04_DRB1*01,0.0
SAMPLE_1425,A*02_B*07_DRB1*01,A*03_B*07_DRB1*01,0.0
SAMPLE_4606,A*05_B*04_DRB1*04,A*05_B*06_DRB1*02,0.0
SAMPLE_4596,A*01_B*04_DRB1*03,A*05_B*01_DRB1*02,0.0
SAMPLE_0732,A*01_B*03_DRB1*02,A*04_B*04_DRB1*02,0.0
SAMPLE_1232,A*03_B*07_DRB1*02,A*04_B*02_DRB1*01,0.0
SAMPLE_1635,A*04_B*02_DRB1*02,A*04_B*04_DRB1*01,0.0
SAMPLE_3937,A*05_B*04_DRB1*02,A*05_B*06_DRB1*02,0.0
SAMPLE_1211,A*01_B*01_DRB1*03,A*01_B*07_DRB1*01,0.0
SAMPLE_3269,A*04_B*04_DRB1*03,A*05_B*03_DRB1*02,0.0
SAMPLE_1935,A*01_B*03_DRB1*02,A*04_B*03_DRB1*02,0.0
SAMPLE_0554,A*02_B*07_DRB1*04,A*04_B*07_DRB1*01,0.0
SAMPLE_0492,A*01_B*03_DRB1*02,A*01_B*04_DRB1*02,0.0
SAMPLE_2963,A*02_B*02_DRB1*04,A*04_B*05_DRB1*04,0.0
SAMPLE_2330,A*02_B*01_DRB1*04,A*04_B*05_DRB1*01,0.0
SAMPLE_2196,A*01_B*07_DRB1*04,A*03_B*06_DRB1*01,0.0
SAMPLE_3065,A*01_B*06_DRB1*04,A*02_B*04_DRB1*03,0.0
SAMPLE_0658,A*03_B*03_DRB1*02,A*04_B*02_DRB1*04,0.0
SAMPLE_2375,A*02_B*01_DRB1*03,A*05_B*07_DRB1*03,0.0
SAMPLE_2226,A*03_B*02_DRB1*03,A*03_B*07_DRB1*01,0.0
SAMPLE_4265,A*04_B*02_DRB1*04,A*04_B*03_DRB1*04,0.0
SAMPLE_1171,A*01_B*03_DRB1*02,A*04_B*06_DRB1*04,0.0
SAMPLE_0133,A*04_B*06_DRB1*03,A*05_B*03_DRB1*02,0.0
SAMPLE_0472,A*04_B*02_DRB1*01,A*05_B*03_DRB1*02,0.0
SAMPLE_3226,A*05_B*02_DRB1*03,A*05_B*07_DRB1*04,0.0
SAMPLE_1406,A*02_B*02_DRB1*04,A*04_B*02_DRB1*04,0.0
SAMPLE_2877,A*01_B*04_DRB1*01,A*05_B*01_DRB1*02,0.0
SAMPLE_4505,A*03_B*04_DRB1*03,A*03_B*07_DRB1*03,0.0
SAMPLE_4693,A*03_B*05_DRB1*04,A*05_B*03_DRB1*02,0.0
SAMPLE_2827,A*02_B*01_DRB1*04,A*02_B*06_DRB1*04,0.0
SAMPLE_0288,A*05_B*03_DRB1*01,A*05_B*06_DRB1*03,0.0
SAMPLE_1870,A*03_B*07_DRB1*04,A*04_B*06_DRB1*03,0.0
SAMPLE_3115,A*02_B*01_DRB1*03,A*05_B*07_DRB1*01,0.0
SAMPLE_3626,A*05_B*03_DRB1*04,A*05_B*04_DRB1*01,0.0
SAMPLE_2313,A*04_B*06_DRB1*03,A*05_B*03_DRB1*04,0.0
SAMPLE_4924,A*02_B*02_DRB1*01,A*05_B*07_DRB1*04,0.0
SAMPLE_1619,A*02_B*06_DRB1*04,A*05_B*02_DRB1*02,0.0
SAMPLE_0995,A*03_B*02_DRB1*01,A*04_B*06_DRB1*03,0.0
SAMPLE_1804,A*02_B*04_DRB1*01,A*05_B*02_DRB1*04,0.0
SAMPLE_2643,A*03_B*03_DRB1*02,A*04_B*05_DRB1*04,0.0
SAMPLE_4803,A*04_B*03_DRB1*01,A*05_B*01_DRB1*01,0.0
SAMPLE_3536,A*02_B*07_DRB1*01,A*03_B*02_DRB1*03,0.0
SAMPLE_4832,A*01_B*01_DRB1*04,A*02_B*03_DRB1*03,0.0
SAMPLE_3912,A*03_B*01_DRB1*02,A*04_B*06_DRB1*01,0.0
SAMPLE_2108,A*04_B*02_DRB1*01,A*05_B*02_DRB1*04,0.0
SAMPLE_3045,A*01_B*01_DRB1*02,A*04_B*05_DRB1*03,0.0
SAMPLE_0417,A*01_B*06_DRB1*03,A*01_B*07_DRB1*01,0.0
SAMPLE_0978,A*05_B*05_DRB1*04,A*05_B*07_DRB1*04,0.0
SAMPLE_2418,A*01_B*03_DRB1*02,A*03_B*06_DRB1*04,0.0
SAMPLE_0506,A*02_B*02_DRB1*04,A*05_B*07_DRB1*02,0.0
SAMPLE_4153,A*01_B*01_DRB1*01,A*02_B*02_DRB1*03,0.0
SAMPLE_4256,A*01_B*07_DRB1*04,A*04_B*03_DRB1*01,0.0
SAMPLE_3942,A*03_B*04_DRB1*03,A*05_B*06_DRB1*02,0.0
SAMPLE_0415,A*03_B*03_DRB1*02,A*04_B*06_DRB1*02,0.0
SAMPLE_4149,A*04_B*02_DRB1*01,A*04_B*02_DRB1*04,0.0
SAMPLE_1184,A*01_B*07_DRB1*02,A*03_B*05_DRB1*01,0.0
SAMPLE_0486,A*04_B*06_DRB1*01,A*05_B*03_DRB1*02,0.0
SAMPLE_0894,A*04_B*02_DRB1*01,A*04_B*02_DRB1*04,0.0
SAMPLE_0806,A*04_B*03_DRB1*03,A*05_B*03_DRB1*01,0.0
SAMPLE_0556,A*02_B*02_DRB1*03,A*05_B*01_DRB1*04,0.0
SAMPLE_3826,A*01_B*03_DRB1*02,A*01_B*06_DRB1*02,0.0
SAMPLE_1198,A*02_B*04_DRB1*03,A*05_B*06_DRB1*02,0.0
SAMPLE_4254,A*01_B*01_DRB1*01,A*04_B*01_DRB1*03,0.0
SAMPLE_4059,A*02_B*02_DRB1*04,A*04_B*06_DRB1*01,0.0
SAMPLE_1294,A*01_B*03_DRB1*02,A*04_B*03_DRB1*04,0.0
SAMPLE_2222,A*02_B*02_DRB1*03,A*02_B*07_DRB1*04,0.0
SAMPLE_3505,A*02_B*02_DRB1*01,A*02_B*02_DRB1*04,0.0
SAMPLE_3655,A*01_B*01_DRB1*04,A*05_B*01_DRB1*02,0.0
SAMPLE_4759,A*03_B*03_DRB1*04,A*04_B*05_DRB1*04,0.0
SAMPLE_3007,A*03_B*05_DRB1*02,A*05_B*07_DRB1*02,0.0
SAMPLE_2094,A*01_B*07_DRB1*03,A*03_B*05_DRB1*03,0.0
SAMPLE_2188,A*03_B*04_DRB1*02,A*03_B*05_DRB1*02,0.0
SAMPLE_3037,A*01_B*07_DRB1*02,A*03_B*03_DRB1*04,0.0
SAMPLE_3919,A*04_B*01_DRB1*02,A*04_B*04_DRB1*04,0.0
SAMPLE_1273,A*01_B*03_DRB1*04,A*03_B*04_DRB1*03,0.0
SAMPLE_0291,A*03_B*03_DRB1*03,A*05_B*07_DRB1*02,0.0
SAMPLE_4828,A*03_B*05_DRB1*03,A*03_B*07_DRB1*01,0.0
SAMPLE_0253,A*01_B*07_DRB1*01,A*04_B*04_DRB1*01,0.0
SAMPLE_3246,A*02_B*01_DRB1*02,A*04_B*05_DRB1*04,0.0
SAMPLE_0351,A*01_B*02_DRB1*04,A*03_B*05_DRB1*04,0.0
SAMPLE_1188,A*02_B*03_DRB1*02,A*04_B*04_DRB1*03,0.0
SAMPLE_1962,A*02_B*03_DRB1*04,A*05_B*01_DRB1*02,0.0
SAMPLE_0423,A*01_B*01_DRB1*04,A*03_B*06_DRB1*03,0.0
SAMPLE_0091,A*01_B*06_DRB1*01,A*02_B*05_DRB1*03,0.0
SAMPLE_3730,A*02_B*02_DRB1*03,A*02_B*03_DRB1*03,0.0
SAMPLE_2237,A*02_B*02_DRB1*04,A*02_B*06_DRB1*01,0.0
SAMPLE_0671,A*02_B*03_DRB1*04,A*03_B*03_DRB1*03,0.0
SAMPLE_3041,A*03_B*03_DRB1*01,A*05_B*07_DRB1*01,0.0
SAMPLE_0027,A*05_B*04_DRB1*03,A*05_B*06_DRB1*02,0.0
SAMPLE_0430,A*01_B*07_DRB1*01,A*03_B*03_DRB1*01,0.0
SAMPLE_0684,A*04_B*04_DRB1*04,A*05_B*05_DRB1*04,0.0
SAMPLE_4464,A*01_B*07_DRB1*02,A*04_B*01_DRB1*03,0.0
SAMPLE_3946,A*01_B*06_DRB1*02,A*03_B*05_DRB1*03,0.0
SAMPLE_3524,A*01_B*01_DRB1*01,A*04_B*06_DRB1*03,0.0
SAMPLE_1542,A*02_B*01_DRB1*01,A*04_B*01_DRB1*03,0.0
SAMPLE_2032,A*02_B*07_DRB1*01,A*04_B*03_DRB1*03,0.0
SAMPLE_2233,A*02_B*07_DRB1*04,A*04_B*03_DRB1*03,0.0
SAMPLE_4121,A*04_B*03_DRB1*04,A*04_B*05_DRB1*03,0.0
SAMPLE_3236,A*04_B*02_DRB1*01,A*05_B*03_DRB1*02,0.0
SAMPLE_0255,A*04_B*06_DRB1*03,A*05_B*06_DRB1*01,0.0
SAMPLE_1030,A*03_B*03_DRB1*01,A*04_B*06_DRB1*01,0.0
SAMPLE_4393,A*03_B*04_DRB1*01,A*03_B*07_DRB1*01,0.0
SAMPLE_3801,A*01_B*07_DRB1*03,A*04_B*03_DRB1*03,0.0
SAMPLE_4311,A*01_B*07_DRB1*04,A*05_B*07_DRB1*04,0.0
SAMPLE_2510,A*03_B*03_DRB1*01,A*05_B*07_DRB1*01,0.0
SAMPLE_2293,A*04_B*04_DRB1*01,A*05_B*07_DRB1*01,0.0
SAMPLE_1324,A*03_B*04_DRB1*03,A*05_B*06_DRB1*04,0.0
SAMPLE_1551,A*01_B*06_DRB1*04,A*04_B*04_DRB1*01,0.0
SAMPLE_4648,A*05_B*04_DRB1*03,A*05_B*06_DRB1*03,0.0
SAMPLE_0316,A*04_B*04_DRB1*03,A*05_B*05_DRB1*03,0.0
SAMPLE_1243,A*03_B*03_DRB1*03,A*05_B*07_DRB1*04,0.0
SAMPLE_2451,A*01_B*01_DRB1*02,A*03_B*04_DRB1*02,0.0
SAMPLE_1579,A*01_B*06_DRB1*01,A*05_B*03_DRB1*01,0.0
SAMPLE_4626,A*01_B*02_DRB1*02,A*04_B*02_DRB1*03,0.0
SAMPLE_3117,A*01_B*07_DRB1*02,A*03_B*06_DRB1*04,0.0
SAMPLE_0070,A*02_B*07_DRB1*01,A*05_B*07_DRB1*02,0.0
SAMPLE_0860,A*02_B*02_DRB1*03,A*05_B*07_DRB1*04,0.0
SAMPLE_2754,A*02_B*06_DRB1*02,A*03_B*05_DRB1*01,0.0
SAMPLE_1633,A*01_B*03_DRB1*02,A*05_B*01_DRB1*02,0.0
SAMPLE_1651,A*03_B*02_DRB1*03,A*05_B*07_DRB1*04,0.0
SAMPLE_3861,A*03_B*05_DRB1*03,A*05_B*06_DRB1*04,0.0
SAMPLE_3107,A*02_B*06_DRB1*04,A*02_B*07_DRB1*04,0.0
SAMPLE_1075,A*03_B*04_DRB1*03,A*05_B*02_DRB1*01,0.0
SAMPLE_4002,A*01_B*04_DRB1*01,A*05_B*05_DRB1*02,0.0
SAMPLE_0788,A*01_B*02_DRB1*02,A*02_B*04_DRB1*01,0.0
SAMPLE_2606,A*02_B*06_DRB1*03,A*05_B*02_DRB1*02,0.0
SAMPLE_3631,A*02_B*01_DRB1*01,A*02_B*03_DRB1*03,0.0
SAMPLE_2122,A*03_B*03_DRB1*02,A*04_B*06_DRB1*04,0.0
SAMPLE_1875,A*02_B*04_DRB1*01,A*05_B*07_DRB1*04,0.0
SAMPLE_0812,A*03_B*06_DRB1*01,A*05_B*07_DRB1*04,0.0
SAMPLE_0388,A*01_B*06_DRB1*03,A*05_B*01_DRB1*03,0.0
SAMPLE_2883,A*04_B*06_DRB1*02,A*05_B*03_DRB1*02,0.0
SAMPLE_1176,A*04_B*04_DRB1*04,A*05_B*02_DRB1*04,0.0
SAMPLE_3198,A*02_B*04_DRB1*04,A*05_B*07_DRB1*02,0.0
SAMPLE_2624,A*05_B*01_DRB1*01,A*05_B*03_DRB1*03,0.0
SAMPLE_1352,A*01_B*01_DRB1*02,A*01_B*05_DRB1*03,0.0
SAMPLE_0411,A*01_B*01_DRB1*03,A*05_B*01_DRB1*01,0.0
SAMPLE_4213,A*01_B*05_DRB1*03,A*02_B*05_DRB1*03,0.0
SAMPLE_0110,A*04_B*02_DRB1*01,A*05_B*03_DRB1*04,0.0
SAMPLE_4996,A*02_B*03_DRB1*02,A*03_B*06_DRB1*01,0.0
SAMPLE_3430,A*04_B*04_DRB1*03,A*05_B*02_DRB1*04,0.0
SAMPLE_2810,A*02_B*01_DRB1*01,A*03_B*06_DRB1*03,0.0
SAMPLE_2595,A*02_B*04_DRB1*02,A*05_B*06_DRB1*02,0.0
SAMPLE_2837,A*02_B*02_DRB1*04,A*04_B*05_DRB1*04,0.0
SAMPLE_2373,A*01_B*02_DRB1*04,A*02_B*02_DRB1*03,0.0
SAMPLE_1236,A*02_B*02_DRB1*03,A*05_B*07_DRB1*01,0.0
SAMPLE_2147,A*03_B*04_DRB1*01,A*05_B*07_DRB1*04,0.0
SAMPLE_4976,A*03_B*03_DRB1*02,A*04_B*05_DRB1*03,0.0
SAMPLE_0600,A*01_B*06_DRB1*04,A*04_B*05_DRB1*03,0.0
SAMPLE_1435,A*02_B*04_DRB1*04,A*02_B*06_DRB1*04,0.0
SAMPLE_4997,A*03_B*02_DRB1*01,A*05_B*03_DRB1*04,0.0
SAMPLE_0539,A*02_B*07_DRB1*02,A*04_B*03_DRB1*04,0.0
SAMPLE_0722,A*03_B*03_DRB1*04,A*04_B*02_DRB1*03,0.0
SAMPLE_4411,A*01_B*03_DRB1*04,A*05_B*07_DRB1*04,0.0
SAMPLE_1873,A*01_B*01_DRB1*02,A*02_B*02_DRB1*02,0.0
SAMPLE_2846,A*01_B*02_DRB1*04,A*02_B*06_DRB1*03,0.0
SAMPLE_2054,A*01_B*02_DRB1*01,A*05_B*07_DRB1*04,0.0
SAMPLE_2908,A*01_B*02_DRB1*04,A*01_B*03_DRB1*02,0.0
SAMPLE_2255,A*04_B*06_DRB1*01,A*05_B*01_DRB1*02,0.0
SAMPLE_3913,A*03_B*03_DRB1*01,A*05_B*03_DRB1*02,0.0
SAMPLE_0178,A*01_B*03_DRB1*02,A*04_B*02_DRB1*04,0.0
SAMPLE_2891,A*02_B*07_DRB1*04,A*04_B*03_DRB1*01,0.0
SAMPLE_3674,A*03_B*03_DRB1*02,A*03_B*03_DRB1*04,0.0
SAMPLE_0081,A*02_B*07_DRB1*02,A*04_B*02_DRB1*01,0.0
SAMPLE_2562,A*01_B*02_DRB1*02,A*03_B*04_DRB1*04,0.0
SAMPLE_1724,A*04_B*05_DRB1*04,A*05_B*01_DRB1*04,0.0
SAMPLE_1618,A*02_B*02_DRB1*03,A*02_B*07_DRB1*03,0.0
SAMPLE_1655,A*02_B*07_DRB1*04,A*03_B*03_DRB1*01,0.0
SAMPLE_2329,A*03_B*06_DRB1*03,A*05_B*02_DRB1*03,0.0
SAMPLE_4614,A*02_B*04_DRB1*04,A*05_B*07_DRB1*02,0.0
SAMPLE_0222,A*02_B*07_DRB1*01,A*02_B*07_DRB1*02,0.0
SAMPLE_0094,A*03_B*02_DRB1*01,A*05_B*07_DRB1*01,0.0
SAMPLE_2610,A*01_B*03_DRB1*01,A*02_B*02_DRB1*03,0.0
SAMPLE_3383,A*05_B*01_DRB1*02,A*05_B*04_DRB1*03,0.0
SAMPLE_4416,A*02_B*01_DRB1*02,A*03_B*06_DRB1*03,0.0
SAMPLE_1398,A*03_B*01_DRB1*03,A*04_B*02_DRB1*03,0.0
SAMPLE_4687,A*01_B*02_DRB1*04,A*05_B*03_DRB1*02,0.0
SAMPLE_1293,A*04_B*01_DRB1*01,A*04_B*02_DRB1*01,0.0
SAMPLE_2165,A*01_B*03_DRB1*04,A*05_B*01_DRB1*04,0.0
SAMPLE_2940,A*03_B*03_DRB1*01,A*03_B*04_DRB1*03,0.0
SAMPLE_3669,A*01_B*03_DRB1*04,A*02_B*02_DRB1*04,0.0
SAMPLE_0813,A*01_B*07_DRB1*02,A*04_B*04_DRB1*01,0.0
SAMPLE_1259,A*01_B*01_DRB1*02,A*03_B*04_DRB1*02,0.0
SAMPLE_0890,A*02_B*02_DRB1*03,A*05_B*03_DRB1*02,0.0
SAMPLE_1452,A*01_B*01_DRB1*04,A*03_B*01_DRB1*01,0.0
SAMPLE_3317,A*03_B*03_DRB1*04,A*04_B*05_DRB1*03,0.0
SAMPLE_2560,A*02_B*07_DRB1*04,A*04_B*04_DRB1*01,0.0
SAMPLE_3575,A*03_B*02_DRB1*04,A*04_B*02_DRB1*01,0.0
SAMPLE_2681,A*02_B*01_DRB1*03,A*04_B*02_DRB1*03,0.0
SAMPLE_4652,A*03_B*05_DRB1*04,A*05_B*02_DRB1*02,0.0
SAMPLE_4812,A*02_B*07_DRB1*03,A*04_B*06_DRB1*03,0.0
SAMPLE_4680,A*04_B*04_DRB1*01,A*05_B*03_DRB1*01,0.0
SAMPLE_2965,A*04_B*04_DRB1*01,A*05_B*02_DRB1*02,0.0
SAMPLE_2673,A*03_B*06_DRB1*01,A*05_B*06_DRB1*04,0.0
SAMPLE_0562,A*05_B*01_DRB1*04,A*05_B*03_DRB1*01,0.0
SAMPLE_2779,A*01_B*06_DRB1*02,A*04_B*04_DRB1*04,0.0
SAMPLE_2949,A*02_B*04_DRB1*03,A*05_B*06_DRB1*04,0.0
SAMPLE_2818,A*01_B*02_DRB1*04,A*01_B*07_DRB1*04,0.0
SAMPLE_2759,A*04_B*01_DRB1*04,A*05_B*07_DRB1*04,0.0
SAMPLE_1757,A*05_B*02_DRB1*01,A*05_B*07_DRB1*02,0.0
SAMPLE_0725,A*04_B*06_DRB1*03,A*05_B*03_DRB1*04,0.0
SAMPLE_0220,A*01_B*03_DRB1*02,A*04_B*05_DRB1*04,0.0
SAMPLE_4140,A*01_B*07_DRB1*04,A*02_B*01_DRB1*03,0.0
SAMPLE_3958,A*01_B*01_DRB1*04,A*02_B*02_DRB1*01,0.0
SAMPLE_1589,A*04_B*03_DRB1*03,A*05_B*03_DRB1*02,0.0
SAMPLE_3348,A*03_B*07_DRB1*01,A*04_B*06_DRB1*03,0.0
SAMPLE_3971,A*02_B*07_DRB1*04,A*04_B*02_DRB1*01,0.0
SAMPLE_4708,A*01_B*03_DRB1*02,A*03_B*03_DRB1*04,0.0
SAMPLE_0044,A*04_B*02_DRB1*04,A*04_B*06_DRB1*01,0.0
SAMPLE_3002,A*04_B*02_DRB1*01,A*05_B*03_DRB1*02,0.0
SAMPLE_0211,A*05_B*01_DRB1*02,A*05_B*01_DRB1*02,0.0
SAMPLE_0678,A*03_B*04_DRB1*02,A*05_B*03_DRB1*02,0.0
SAMPLE_0355,A*02_B*03_DRB1*02,A*04_B*03_DRB1*04,0.0
SAMPLE_1434,A*03_B*07_DRB1*01,A*04_B*05_DRB1*03,0.0
SAMPLE_0950,A*02_B*06_DRB1*04,A*05_B*01_DRB1*02,0.0
SAMPLE_2844,A*03_B*04_DRB1*04,A*05_B*04_DRB1*04,0.0
SAMPLE_0578,A*04_B*02_DRB1*04,A*04_B*06_DRB1*01,0.0
SAMPLE_3929,A*02_B*01_DRB1*02,A*03_B*02_DRB1*03,0.0
SAMPLE_0545,A*02_B*02_DRB1*03,A*05_B*07_DRB1*04,0.0
SAMPLE_0368,A*02_B*03_DRB1*01,A*05_B*07_DRB1*02,0.0
SAMPLE_1613,A*01_B*04_DRB1*02,A*05_B*07_DRB1*02,0.0
SAMPLE_3551,A*01_B*01_DRB1*02,A*02_B*01_DRB1*03,0.0
SAMPLE_3717,A*02_B*01_DRB1*02,A*02_B*02_DRB1*01,0.0
SAMPLE_3780,A*03_B*05_DRB1*04,A*05_B*01_DRB1*04,0.0
SAMPLE_0136,A*05_B*01_DRB1*04,A*05_B*01_DRB1*04,0.0
SAMPLE_4481,A*02_B*03_DRB1*03,A*03_B*05_DRB1*03,0.0
SAMPLE_1438,A*03_B*04_DRB1*01,A*05_B*01_DRB1*02,0.0
SAMPLE_0048,A*03_B*04_DRB1*03,A*05_B*01_DRB1*01,0.0
SAMPLE_1361,A*05_B*01_DRB1*02,A*05_B*04_DRB1*03,0.0
SAMPLE_0735,A*05_B*01_DRB1*02,A*05_B*03_DRB1*02,0.0
SAMPLE_1535,A*02_B*03_DRB1*01,A*04_B*03_DRB1*03,0.0
SAMPLE_2005,A*01_B*03_DRB1*04,A*04_B*02_DRB1*04,0.0
SAMPLE_3796,A*02_B*02_DRB1*03,A*05_B*01_DRB1*01,0.0
SAMPLE_2520,A*04_B*05_DRB1*01,A*05_B*06_DRB1*02,0.0
SAMPLE_1973,A*01_B*01_DRB1*02,A*01_B*04_DRB1*01,0.0
SAMPLE_0997,A*01_B*01_DRB1*04,A*04_B*05_DRB1*04,0.0
SAMPLE_0062,A*01_B*05_DRB1*04,A*02_B*04_DRB1*03,0.0
SAMPLE_1109,A*02_B*04_DRB1*04,A*05_B*02_DRB1*02,0.0
SAMPLE_2406,A*01_B*03_DRB1*01,A*05_B*07_DRB1*02,0.0
SAMPLE_0096,A*01_B*04_DRB1*03,A*05_B*04_DRB1*01,0.0
SAMPLE_0479,A*01_B*02_DRB1*04,A*03_B*05_DRB1*03,0.0
SAMPLE_4360,A*03_B*04_DRB1*03,A*05_B*03_DRB1*04,0.0
SAMPLE_4113,A*02_B*06_DRB1*04,A*03_B*06_DRB1*03,0.0
SAMPLE_3708,A*03_B*04_DRB1*01,A*03_B*06_DRB1*02,0.0
SAMPLE_1102,A*01_B*02_DRB1*02,A*03_B*02_DRB1*01,0.0
SAMPLE_2747,A*02_B*07_DRB1*02,A*03_B*04_DRB1*02,0.0
SAMPLE_2171,A*01_B*02_DRB1*04,A*03_B*02_DRB1*04,0.0
SAMPLE_0323,A*01_B*04_DRB1*02,A*05_B*05_DRB1*02,0.0
SAMPLE_4255,A*02_B*04_DRB1*04,A*05_B*04_DRB1*04,0.0
SAMPLE_3143,A*02_B*07_DRB1*02,A*03_B*01_DRB1*04,0.0
SAMPLE_3538,A*01_B*07_DRB1*02,A*03_B*05_DRB1*04,0.0
SAMPLE_4926,A*04_B*03_DRB1*01,A*05_B*07_DRB1*02,0.0
SAMPLE_2925,A*02_B*05_DRB1*02,A*03_B*05_DRB1*04,0.0
SAMPLE_1150,A*01_B*06_DRB1*03,A*02_B*04_DRB1*03,0.0
SAMPLE_3618,A*02_B*06_DRB1*02,A*03_B*04_DRB1*03,0.0
SAMPLE_0292,A*02_B*06_DRB1*01,A*03_B*04_DRB1*03,0.0
SAMPLE_3750,A*02_B*03_DRB1*02,A*04_B*02_DRB1*03,0.0
SAMPLE_3587,A*02_B*07_DRB1*02,A*04_B*06_DRB1*04,0.0
SAMPLE_0534,A*01_B*02_DRB1*04,A*02_B*04_DRB1*04,0.0
SAMPLE_3608,A*01_B*01_DRB1*02,A*04_B*06_DRB1*04,0.0
SAMPLE_2649,A*03_B*01_DRB1*04,A*04_B*03_DRB1*04,0.0
SAMPLE_4811,A*01_B*03_DRB1*02,A*03_B*02_DRB1*04,0.0
SAMPLE_1984,A*01_B*02_DRB1*02,A*02_B*05_DRB1*01,0.0
SAMPLE_2933,A*03_B*02_DRB1*04,A*04_B*05_DRB1*04,0.0
SAMPLE_1537,A*02_B*03_DRB1*04,A*02_B*05_DRB1*03,0.0
SAMPLE_4535,A*01_B*01_DRB1*03,A*01_B*05_DRB1*03,0.0
SAMPLE_4173,A*04_B*06_DRB1*01,A*05_B*07_DRB1*04,0.0
SAMPLE_3361,A*01_B*03_DRB1*01,A*05_B*01_DRB1*02,0.0
SAMPLE_3666,A*02_B*02_DRB1*01,A*05_B*03_DRB1*02,0.0
SAMPLE_4006,A*03_B*02_DRB1*03,A*05_B*03_DRB1*01,0.0
SAMPLE_3627,A*02_B*04_DRB1*03,A*05_B*03_DRB1*04,0.0
SAMPLE_0587,A*02_B*03_DRB1*02,A*04_B*02_DRB1*03,0.0
SAMPLE_3257,A*05_B*01_DRB1*04,A*05_B*02_DRB1*03,0.0
SAMPLE_2299,A*02_B*02_DRB1*03,A*04_B*06_DRB1*03,0.0
SAMPLE_3989,A*04_B*05_DRB1*01,A*05_B*07_DRB1*02,0.0
SAMPLE_0585,A*01_B*01_DRB1*02,A*02_B*04_DRB1*04,0.0
SAMPLE_2424,A*01_B*06_DRB1*03,A*05_B*06_DRB1*01,0.0
SAMPLE_1392,A*05_B*01_DRB1*03,A*05_B*07_DRB1*02,0.0
SAMPLE_4526,A*03_B*06_DRB1*01,A*05_B*02_DRB1*02,0.0
SAMPLE_4921,A*05_B*03_DRB1*01,A*05_B*07_DRB1*04,0.0
SAMPLE_4801,A*01_B*01_DRB1*01,A*05_B*01_DRB1*02,0.0
SAMPLE_3241,A*03_B*01_DRB1*02,A*04_B*04_DRB1*03,0.0
SAMPLE_4282,A*04_B*03_DRB1*03,A*05_B*03_DRB1*01,0.0
SAMPLE_3339,A*02_B*03_DRB1*01,A*04_B*02_DRB1*03,0.0
SAMPLE_3221,A*01_B*01_DRB1*04,A*02_B*03_DRB1*03,0.0
SAMPLE_2112,A*05_B*01_DRB1*04,A*05_B*04_DRB1*03,0.0
SAMPLE_1175,A*01_B*01_DRB1*02,A*04_B*01_DRB1*03,0.0
SAMPLE_4863,A*01_B*06_DRB1*01,A*05_B*07_DRB1*01,0.0
SAMPLE_3812,A*01_B*06_DRB1*04,A*04_B*04_DRB1*01,0.0
SAMPLE_1868,A*02_B*03_DRB1*04,A*03_B*02_DRB1*04,0.0
SAMPLE_2615,A*01_B*01_DRB1*03,A*04_B*06_DRB1*03,0.0
SAMPLE_3867,A*01_B*01_DRB1*01,A*05_B*01_DRB1*04,0.0
SAMPLE_4886,A*02_B*07_DRB1*04,A*04_B*06_DRB1*03,0.0
SAMPLE_3779,A*02_B*01_DRB1*02,A*03_B*05_DRB1*01,0.0
SAMPLE_3847,A*02_B*01_DRB1*03,A*04_B*03_DRB1*03,0.0
SAMPLE_2417,A*01_B*03_DRB1*04,A*04_B*06_DRB1*01,0.0
SAMPLE_0071,A*02_B*03_DRB1*01,A*05_B*07_DRB1*01,0.0
SAMPLE_4881,A*01_B*05_DRB1*02,A*05_B*06_DRB1*02,0.0
SAMPLE_1127,A*04_B*02_DRB1*03,A*05_B*03_DRB1*02,0.0
SAMPLE_4025,A*01_B*06_DRB1*01,A*05_B*03_DRB1*02,0.0
SAMPLE_3251,A*01_B*01_DRB1*04,A*02_B*03_DRB1*03,0.0
SAMPLE_3902,A*02_B*05_DRB1*04,A*05_B*07_DRB1*04,0.0
SAMPLE_1096,A*02_B*04_DRB1*03,A*05_B*03_DRB1*04,0.0
SAMPLE_4546,A*01_B*03_DRB1*02,A*03_B*02_DRB1*03,0.0
SAMPLE_1213,A*02_B*04_DRB1*03,A*05_B*04_DRB1*04,0.0
SAMPLE_3922,A*01_B*03_DRB1*02,A*03_B*03_DRB1*04,0.0
SAMPLE_1426,A*02_B*03_DRB1*04,A*04_B*02_DRB1*01,0.0
SAMPLE_3067,A*01_B*03_DRB1*01,A*03_B*06_DRB1*03,0.0
SAMPLE_4520,A*02_B*02_DRB1*02,A*04_B*06_DRB1*01,0.0
SAMPLE_2101,A*02_B*02_DRB1*03,A*05_B*01_DRB1*04,0.0
SAMPLE_0808,A*02_B*03_DRB1*03,A*04_B*06_DRB1*03,0.0
SAMPLE_4744,A*01_B*01_DRB1*04,A*01_B*07_DRB1*02,0.0
SAMPLE_3751,A*03_B*06_DRB1*03,A*05_B*02_DRB1*01,0.0
SAMPLE_1363,A*02_B*05_DRB1*04,A*02_B*07_DRB1*02,0.0
SAMPLE_2318,A*01_B*06_DRB1*03,A*05_B*06_DRB1*01,0.0
SAMPLE_4582,A*02_B*01_DRB1*01,A*05_B*07_DRB1*01,0.0
SAMPLE_4742,A*04_B*02_DRB1*01,A*05_B*01_DRB1*04,0.0
SAMPLE_1026,A*03_B*03_DRB1*02,A*03_B*04_DRB1*03,0.0
SAMPLE_3110,A*01_B*07_DRB1*02,A*02_B*06_DRB1*03,0.0
SAMPLE_2111,A*02_B*02_DRB1*02,A*04_B*05_DRB1*01,0.0
SAMPLE_1042,A*03_B*04_DRB1*04,A*05_B*03_DRB1*04,0.0
SAMPLE_1877,A*02_B*05_DRB1*04,A*04_B*04_DRB1*01,0.0
SAMPLE_0882,A*01_B*04_DRB1*01,A*03_B*04_DRB1*03,0.0
SAMPLE_4300,A*03_B*03_DRB1*01,A*04_B*05_DRB1*03,0.0
SAMPLE_1193,A*02_B*07_DRB1*04,A*03_B*05_DRB1*04,0.0
SAMPLE_4588,A*02_B*01_DRB1*02,A*02_B*04_DRB1*03,0.0
SAMPLE_4511,A*02_B*04_DRB1*01,A*05_B*03_DRB1*02,0.0
SAMPLE_3671,A*02_B*06_DRB1*03,A*05_B*07_DRB1*04,0.0
SAMPLE_0625,A*04_B*05_DRB1*01,A*05_B*02_DRB1*02,0.0
SAMPLE_2797,A*01_B*03_DRB1*01,A*05_B*07_DRB1*02,0.0
SAMPLE_4292,A*02_B*04_DRB1*01,A*05_B*02_DRB1*02,0.0
SAMPLE_4969,A*03_B*03_DRB1*02,A*04_B*04_DRB1*04,0.0
SAMPLE_0234,A*02_B*04_DRB1*04,A*05_B*03_DRB1*02,0.0
SAMPLE_4567,A*02_B*03_DRB1*04,A*03_B*05_DRB1*03,0.0
SAMPLE_1663,A*04_B*06_DRB1*01,A*05_B*01_DRB1*04,0.0
SAMPLE_0416,A*02_B*03_DRB1*02,A*03_B*02_DRB1*03,0.0
SAMPLE_4247,A*03_B*06_DRB1*04,A*05_B*03_DRB1*02,0.0
SAMPLE_2174,A*03_B*06_DRB1*03,A*05_B*01_DRB1*04,0.0
SAMPLE_1457,A*04_B*06_DRB1*01,A*05_B*07_DRB1*01,0.0
SAMPLE_0747,A*01_B*03_DRB1*02,A*02_B*02_DRB1*03,0.0
SAMPLE_0018,A*05_B*01_DRB1*01,A*05_B*07_DRB1*04,0.0
SAMPLE_1201,A*01_B*03_DRB1*02,A*02_B*06_DRB1*03,0.0
SAMPLE_1700,A*02_B*07_DRB1*02,A*03_B*02_DRB1*04,0.0
SAMPLE_3254,A*05_B*01_DRB1*04,A*05_B*04_DRB1*01,0.0
SAMPLE_0597,A*02_B*02_DRB1*01,A*04_B*06_DRB1*03,0.0
SAMPLE_3227,A*02_B*02_DRB1*04,A*03_B*05_DRB1*03,0.0
SAMPLE_4406,A*02_B*01_DRB1*03,A*02_B*07_DRB1*04,0.0
SAMPLE_4720,A*01_B*01_DRB1*04,A*04_B*05_DRB1*01,0.0
SAMPLE_1506,A*02_B*06_DRB1*04,A*03_B*04_DRB1*03,0.0
SAMPLE_1413,A*02_B*06_DRB1*01,A*05_B*02_DRB1*04,0.0
SAMPLE_1966,A*01_B*06_DRB1*04,A*05_B*07_DRB1*02,0.0
SAMPLE_0372,A*03_B*06_DRB1*02,A*04_B*05_DRB1*04,0.0
SAMPLE_1341,A*02_B*02_DRB1*03,A*05_B*03_DRB1*04,0.0
SAMPLE_0599,A*05_B*07_DRB1*01,A*05_B*07_DRB1*02,0.0
SAMPLE_0239,A*01_B*03_DRB1*02,A*03_B*06_DRB1*04,0.0
SAMPLE_3401,A*01_B*02_DRB1*04,A*01_B*04_DRB1*04,0.0
SAMPLE_2068,A*01_B*01_DRB1*02,A*04_B*01_DRB1*03,0.0
SAMPLE_0811,A*01_B*03_DRB1*04,A*03_B*03_DRB1*01,0.0
SAMPLE_1095,A*04_B*03_DRB1*02,A*05_B*01_DRB1*02,0.0
SAMPLE_4325,A*02_B*02_DRB1*02,A*04_B*05_DRB1*04,0.0
SAMPLE_4761,A*02_B*01_DRB1*04,A*04_B*06_DRB1*01,0.0
SAMPLE_3677,A*03_B*04_DRB1*03,A*03_B*06_DRB1*01,0.0
SAMPLE_3465,A*04_B*02_DRB1*02,A*04_B*04_DRB1*04,0.0
SAMPLE_3104,A*02_B*03_DRB1*03,A*02_B*06_DRB1*03,0.0
SAMPLE_2750,A*03_B*07_DRB1*02,A*04_B*02_DRB1*02,0.0
SAMPLE_2296,A*02_B*07_DRB1*02,A*03_B*01_DRB1*04,0.0
SAMPLE_4193,A*02_B*03_DRB1*03,A*03_B*04_DRB1*03,0.0
SAMPLE_3709,A*01_B*07_DRB1*02,A*02_B*05_DRB1*04,0.0
SAMPLE_3019,A*04_B*05_DRB1*03,A*05_B*03_DRB1*02,0.0
SAMPLE_4253,A*01_B*06_DRB1*04,A*04_B*06_DRB1*01,0.0
SAMPLE_0804,A*01_B*03_DRB1*03,A*05_B*01_DRB1*02,0.0
SAMPLE_4191,A*01_B*07_DRB1*02,A*03_B*05_DRB1*03,0.0
SAMPLE_3706,A*03_B*02_DRB1*01,A*03_B*03_DRB1*02,0.0
SAMPLE_0752,A*01_B*01_DRB1*03,A*02_B*06_DRB1*03,0.0
SAMPLE_4645,A*02_B*02_DRB1*04,A*02_B*07_DRB1*02,0.0
SAMPLE_2532,A*02_B*06_DRB1*02,A*03_B*05_DRB1*01,0.0
SAMPLE_0622,A*05_B*01_DRB1*04,A*05_B*02_DRB1*01,0.0
SAMPLE_2298,A*03_B*02_DRB1*02,A*04_B*02_DRB1*04,0.0
SAMPLE_3829,A*04_B*03_DRB1*04,A*04_B*05_DRB1*03,0.0
SAMPLE_0567,A*01_B*03_DRB1*02,A*02_B*02_DRB1*04,0.0
SAMPLE_1136,A*01_B*07_DRB1*02,A*02_B*04_DRB1*01,0.0
SAMPLE_1205,A*03_B*03_DRB1*04,A*05_B*07_DRB1*02,0.0
SAMPLE_1048,A*02_B*04_DRB1*04,A*05_B*01_DRB1*02,0.0
SAMPLE_0052,A*02_B*05_DRB1*02,A*03_B*05_DRB1*04,0.0
SAMPLE_3652,A*02_B*04_DRB1*02,A*05_B*04_DRB1*02,0.0
SAMPLE_1045,A*02_B*02_DRB1*01,A*05_B*07_DRB1*02,0.0
SAMPLE_2182,A*03_B*07_DRB1*03,A*04_B*05_DRB1*03,0.0
SAMPLE_2689,A*02_B*07_DRB1*02,A*03_B*06_DRB1*03,0.0
SAMPLE_0535,A*02_B*04_DRB1*04,A*02_B*06_DRB1*04,0.0
SAMPLE_3185,A*03_B*05_DRB1*02,A*05_B*02_DRB1*02,0.0
SAMPLE_3858,A*01_B*06_DRB1*03,A*05_B*03_DRB1*02,0.0
SAMPLE_0444,A*02_B*03_DRB1*04,A*04_B*02_DRB1*01,0.0
SAMPLE_3605,A*02_B*01_DRB1*03,A*05_B*07_DRB1*02,0.0
SAMPLE_0196,A*03_B*01_DRB1*03,A*05_B*07_DRB1*04,0.0
SAMPLE_1116,A*01_B*02_DRB1*04,A*04_B*06_DRB1*03,0.0
SAMPLE_0766,A*02_B*01_DRB1*04,A*04_B*05_DRB1*03,0.0
SAMPLE_1946,A*03_B*06_DRB1*04,A*04_B*05_DRB1*04,0.0
SAMPLE_3248,A*01_B*05_DRB1*03,A*05_B*07_DRB1*01,0.0
SAMPLE_3003,A*01_B*06_DRB1*01,A*05_B*07_DRB1*04,0.0
SAMPLE_1433,A*03_B*02_DRB1*03,A*03_B*07_DRB1*03,0.0
SAMPLE_4201,A*03_B*04_DRB1*03,A*05_B*05_DRB1*04,0.0
SAMPLE_3096,A*04_B*02_DRB1*02,A*04_B*04_DRB1*04,0.0
SAMPLE_2923,A*02_B*02_DRB1*03,A*05_B*03_DRB1*02,0.0
SAMPLE_0645,A*01_B*01_DRB1*04,A*01_B*03_DRB1*04,0.0
SAMPLE_1050,A*02_B*01_DRB1*03,A*05_B*07_DRB1*04,0.0
SAMPLE_3746,A*01_B*07_DRB1*04,A*02_B*04_DRB1*03,0.0
SAMPLE_4094,A*02_B*05_DRB1*04,A*05_B*02_DRB1*04,0.0
SAMPLE_4404,A*03_B*07_DRB1*04,A*04_B*01_DRB1*04,0.0
SAMPLE_0121,A*05_B*06_DRB1*02,A*05_B*06_DRB1*03,0.0
SAMPLE_2053,A*02_B*03_DRB1*02,A*04_B*05_DRB1*01,0.0
SAMPLE_4259,A*05_B*05_DRB1*03,A*05_B*06_DRB1*02,0.0
SAMPLE_4889,A*03_B*06_DRB1*01,A*05_B*07_DRB1*04,0.0
SAMPLE_4335,A*02_B*03_DRB1*01,A*05_B*01_DRB1*04,0.0
SAMPLE_4692,A*02_B*07_DRB1*02,A*03_B*07_DRB1*03,0.0
SAMPLE_0135,A*02_B*04_DRB1*01,A*02_B*07_DRB1*04,0.0
SAMPLE_2461,A*04_B*06_DRB1*03,A*05_B*06_DRB1*02,0.0
SAMPLE_1955,A*02_B*07_DRB1*02,A*03_B*06_DRB1*01,0.0
SAMPLE_2464,A*02_B*03_DRB1*04,A*03_B*02_DRB1*03,0.0
SAMPLE_0185,A*01_B*01_DRB1*02,A*02_B*03_DRB1*02,0.0
SAMPLE_1393,A*02_B*02_DRB1*01,A*05_B*03_DRB1*04,0.0
SAMPLE_2277,A*01_B*04_DRB1*01,A*05_B*06_DRB1*04,0.0
SAMPLE_0512,A*05_B*05_DRB1*02,A*05_B*07_DRB1*02,0.0
SAMPLE_4730,A*02_B*03_DRB1*02,A*04_B*06_DRB1*03,0.0
SAMPLE_4055,A*04_B*06_DRB1*03,A*05_B*01_DRB1*01,0.0
SAMPLE_3138,A*04_B*01_DRB1*02,A*04_B*03_DRB1*01,0.0
SAMPLE_2670,A*01_B*04_DRB1*04,A*05_B*01_DRB1*02,0.0
SAMPLE_4774,A*01_B*01_DRB1*02,A*01_B*06_DRB1*04,0.0
SAMPLE_4862,A*04_B*05_DRB1*03,A*04_B*06_DRB1*02,0.0
SAMPLE_2118,A*01_B*01_DRB1*04,A*02_B*05_DRB1*03,0.0
SAMPLE_0252,A*02_B*05_DRB1*03,A*05_B*01_DRB1*04,0.0
SAMPLE_3527,A*03_B*04_DRB1*03,A*05_B*05_DRB1*02,0.0
SAMPLE_3560,A*03_B*07_DRB1*02,A*04_B*04_DRB1*02,0.0
SAMPLE_4012,A*03_B*01_DRB1*03,A*05_B*01_DRB1*02,0.0
SAMPLE_1508,A*02_B*02_DRB1*01,A*04_B*06_DRB1*03,0.0
SAMPLE_0123,A*01_B*05_DRB1*03,A*05_B*01_DRB1*02,0.0
SAMPLE_4260,A*03_B*02_DRB1*04,A*05_B*03_DRB1*02,0.0
SAMPLE_3334,A*02_B*06_DRB1*02,A*04_B*06_DRB1*03,0.0
SAMPLE_1872,A*01_B*07_DRB1*04,A*04_B*02_DRB1*01,0.0
SAMPLE_3693,A*02_B*06_DRB1*01,A*04_B*04_DRB1*01,0.0
SAMPLE_0568,A*01_B*03_DRB1*02,A*04_B*03_DRB1*04,0.0
SAMPLE_1372,A*01_B*01_DRB1*02,A*02_B*06_DRB1*01,0.0
SAMPLE_3186,A*02_B*03_DRB1*02,A*04_B*06_DRB1*03,0.0
SAMPLE_3956,A*03_B*03_DRB1*03,A*05_B*01_DRB1*04,0.0
SAMPLE_1057,A*01_B*04_DRB1*04,A*05_B*07_DRB1*02,0.0
SAMPLE_0857,A*03_B*03_DRB1*01,A*05_B*01_DRB1*04,0.0
SAMPLE_3839,A*04_B*06_DRB1*01,A*05_B*07_DRB1*04,0.0
SAMPLE_2861,A*01_B*02_DRB1*02,A*03_B*04_DRB1*01,0.0
SAMPLE_4770,A*01_B*01_DRB1*04,A*04_B*01_DRB1*03,0.0
SAMPLE_0777,A*05_B*02_DRB1*01,A*05_B*03_DRB1*04,0.0
SAMPLE_0721,A*01_B*04_DRB1*01,A*05_B*07_DRB1*02,0.0
SAMPLE_2711,A*02_B*01_DRB1*01,A*02_B*05_DRB1*03,0.0
SAMPLE_2655,A*05_B*04_DRB1*01,A*05_B*04_DRB1*02,0.0
SAMPLE_4878,A*02_B*02_DRB1*04,A*02_B*03_DRB1*02,0.0
SAMPLE_0603,A*03_B*04_DRB1*03,A*05_B*01_DRB1*01,0.0
SAMPLE_3823,A*01_B*07_DRB1*02,A*04_B*04_DRB1*01,0.0
SAMPLE_1245,A*02_B*07_DRB1*02,A*04_B*01_DRB1*02,0.0
SAMPLE_4846,A*03_B*02_DRB1*03,A*05_B*07_DRB1*01,0.0
SAMPLE_4842,A*02_B*05_DRB1*03,A*05_B*02_DRB1*01,0.0
SAMPLE_0319,A*02_B*02_DRB1*04,A*03_B*05_DRB1*04,0.0
SAMPLE_0829,A*02_B*06_DRB1*02,A*03_B*05_DRB1*04,0.0
SAMPLE_3264,A*01_B*02_DRB1*03,A*05_B*01_DRB1*03,0.0
SAMPLE_0275,A*03_B*05_DRB1*03,A*05_B*01_DRB1*01,0.0
SAMPLE_2665,A*03_B*02_DRB1*02,A*03_B*05_DRB1*03,0.0
SAMPLE_0550,A*02_B*06_DRB1*01,A*05_B*01_DRB1*04,0.0
SAMPLE_3642,A*01_B*02_DRB1*01,A*04_B*06_DRB1*01,0.0
SAMPLE_4054,A*02_B*01_DRB1*03,A*03_B*04_DRB1*03,0.0
SAMPLE_4893,A*03_B*06_DRB1*01,A*05_B*01_DRB1*01,0.0
SAMPLE_2935,A*04_B*01_DRB1*04,A*05_B*01_DRB1*02,0.0
SAMPLE_0606,A*03_B*02_DRB1*02,A*03_B*03_DRB1*02,0.0
SAMPLE_0897,A*03_B*03_DRB1*02,A*04_B*05_DRB1*04,0.0
SAMPLE_0528,A*02_B*06_DRB1*04,A*05_B*07_DRB1*04,0.0
SAMPLE_4608,A*01_B*01_DRB1*02,A*02_B*06_DRB1*03,0.0
SAMPLE_2348,A*03_B*02_DRB1*03,A*05_B*03_DRB1*04,0.0
SAMPLE_3440,A*02_B*03_DRB1*01,A*05_B*01_DRB1*04,0.0
SAMPLE_4999,A*05_B*04_DRB1*03,A*05_B*06_DRB1*03,0.0
SAMPLE_4827,A*02_B*02_DRB1*03,A*02_B*03_DRB1*01,0.0
SAMPLE_3923,A*04_B*02_DRB1*01,A*05_B*02_DRB1*01,0.0
SAMPLE_0299,A*01_B*07_DRB1*02,A*04_B*03_DRB1*03,0.0
SAMPLE_2120,A*02_B*06_DRB1*02,A*04_B*05_DRB1*02,0.0
SAMPLE_2537,A*01_B*03_DRB1*02,A*03_B*04_DRB1*04,0.0
SAMPLE_4204,A*01_B*01_DRB1*04,A*02_B*02_DRB1*01,0.0
SAMPLE_3255,A*04_B*03_DRB1*01,A*05_B*03_DRB1*04,0.0
SAMPLE_3726,A*03_B*02_DRB1*01,A*03_B*06_DRB1*03,0.0
SAMPLE_1261,A*01_B*05_DRB1*02,A*04_B*04_DRB1*04,0.0
SAMPLE_1559,A*01_B*01_DRB1*02,A*04_B*06_DRB1*02,0.0
SAMPLE_3270,A*03_B*01_DRB1*04,A*04_B*03_DRB1*04,0.0
SAMPLE_4047,A*04_B*01_DRB1*01,A*05_B*07_DRB1*02,0.0
SAMPLE_0757,A*01_B*06_DRB1*03,A*05_B*01_DRB1*02,0.0
SAMPLE_1011,A*03_B*07_DRB1*01,A*05_B*07_DRB1*01,0.0
SAMPLE_2795,A*04_B*05_DRB1*03,A*05_B*02_DRB1*04,0.0
SAMPLE_2906,A*01_B*07_DRB1*04,A*05_B*07_DRB1*02,0.0
SAMPLE_1871,A*05_B*02_DRB1*01,A*05_B*04_DRB1*03,0.0
SAMPLE_2230,A*03_B*01_DRB1*04,A*03_B*06_DRB1*03,0.0
SAMPLE_1174,A*02_B*07_DRB1*04,A*04_B*03_DRB1*01,0.0
SAMPLE_1833,A*03_B*02_DRB1*03,A*03_B*06_DRB1*03,0.0
SAMPLE_0377,A*02_B*02_DRB1*02,A*04_B*06_DRB1*03,0.0
SAMPLE_3854,A*03_B*07_DRB1*04,A*04_B*06_DRB1*03,0.0
SAMPLE_3617,A*01_B*02_DRB1*04,A*03_B*06_DRB1*01,0.0
SAMPLE_0799,A*01_B*03_DRB1*02,A*02_B*04_DRB1*04,0.0
SAMPLE_0379,A*03_B*02_DRB1*04,A*04_B*05_DRB1*01,0.0
SAMPLE_1159,A*02_B*04_DRB1*04,A*02_B*07_DRB1*02,0.0
SAMPLE_3820,A*01_B*01_DRB1*04,A*01_B*02_DRB1*03,0.0
SAMPLE_2793,A*01_B*03_DRB1*04,A*03_B*02_DRB1*03,0.0
SAMPLE_2241,A*01_B*07_DRB1*01,A*03_B*04_DRB1*01,0.0
SAMPLE_4036,A*03_B*01_DRB1*04,A*03_B*02_DRB1*03,0.0
SAMPLE_2663,A*01_B*07_DRB1*04,A*03_B*02_DRB1*03,0.0
SAMPLE_4013,A*02_B*02_DRB1*03,A*02_B*07_DRB1*04,0.0
SAMPLE_2958,A*01_B*03_DRB1*04,A*03_B*05_DRB1*03,0.0
SAMPLE_3928,A*03_B*02_DRB1*01,A*03_B*04_DRB1*03,0.0
SAMPLE_1039,A*02_B*03_DRB1*02,A*03_B*02_DRB1*04,0.0
SAMPLE_3260,A*01_B*06_DRB1*03,A*05_B*07_DRB1*04,0.0
SAMPLE_1345,A*02_B*07_DRB1*04,A*03_B*04_DRB1*03,0.0
SAMPLE_2506,A*01_B*07_DRB1*02,A*04_B*05_DRB1*02,0.0
SAMPLE_1722,A*02_B*02_DRB1*04,A*05_B*07_DRB1*02,0.0
SAMPLE_4664,A*02_B*02_DRB1*04,A*04_B*06_DRB1*01,0.0
SAMPLE_0176,A*03_B*05_DRB1*01,A*05_B*03_DRB1*02,0.0
SAMPLE_4894,A*01_B*03_DRB1*02,A*02_B*02_DRB1*04,0.0
SAMPLE_1910,A*03_B*04_DRB1*01,A*05_B*02_DRB1*02,0.0
SAMPLE_0046,A*01_B*05_DRB1*02,A*04_B*05_DRB1*03,0.0
SAMPLE_3410,A*04_B*05_DRB1*01,A*05_B*03_DRB1*02,0.0
SAMPLE_4675,A*04_B*03_DRB1*01,A*05_B*03_DRB1*01,0.0
SAMPLE_1076,A*01_B*07_DRB1*02,A*02_B*06_DRB1*03,0.0
SAMPLE_2830,A*04_B*02_DRB1*01,A*05_B*07_DRB1*02,0.0
SAMPLE_1505,A*01_B*03_DRB1*04,A*04_B*02_DRB1*03,0.0
SAMPLE_2310,A*02_B*05_DRB1*01,A*05_B*03_DRB1*02,0.0
SAMPLE_1437,A*03_B*04_DRB1*01,A*05_B*02_DRB1*02,0.0
SAMPLE_2419,A*02_B*07_DRB1*02,A*03_B*01_DRB1*04,0.0
SAMPLE_3987,A*01_B*04_DRB1*03,A*05_B*07_DRB1*01,0.0
SAMPLE_3099,A*02_B*02_DRB1*03,A*05_B*02_DRB1*04,0.0
SAMPLE_4589,A*02_B*02_DRB1*03,A*05_B*01_DRB1*03,0.0
SAMPLE_0284,A*02_B*07_DRB1*03,A*03_B*02_DRB1*03,0.0
SAMPLE_4919,A*02_B*04_DRB1*04,A*05_B*02_DRB1*02,0.0
SAMPLE_0843,A*01_B*05_DRB1*01,A*05_B*03_DRB1*04,0.0
SAMPLE_1514,A*04_B*06_DRB1*03,A*05_B*02_DRB1*04,0.0
SAMPLE_1169,A*02_B*07_DRB1*02,A*03_B*03_DRB1*01,0.0
SAMPLE_1593,A*03_B*05_DRB1*03,A*03_B*06_DRB1*01,0.0
SAMPLE_3461,A*01_B*05_DRB1*04,A*05_B*02_DRB1*04,0.0
SAMPLE_3166,A*01_B*01_DRB1*04,A*04_B*05_DRB1*04,0.0
SAMPLE_2285,A*01_B*06_DRB1*01,A*05_B*03_DRB1*01,0.0
SAMPLE_3576,A*01_B*04_DRB1*01,A*05_B*01_DRB1*01,0.0
SAMPLE_4871,A*01_B*01_DRB1*02,A*01_B*01_DRB1*04,0.0
SAMPLE_2306,A*01_B*03_DRB1*01,A*02_B*06_DRB1*03,0.0
SAMPLE_0953,A*02_B*01_DRB1*04,A*04_B*06_DRB1*03,0.0
SAMPLE_4943,A*01_B*03_DRB1*04,A*04_B*02_DRB1*03,0.0
SAMPLE_3054,A*01_B*03_DRB1*04,A*03_B*04_DRB1*03,0.0
SAMPLE_4560,A*05_B*03_DRB1*01,A*05_B*06_DRB1*01,0.0
SAMPLE_2686,A*02_B*06_DRB1*04,A*02_B*07_DRB1*02,0.0
SAMPLE_1490,A*04_B*05_DRB1*02,A*05_B*07_DRB1*02,0.0
SAMPLE_0928,A*02_B*04_DRB1*01,A*05_B*03_DRB1*04,0.0
SAMPLE_1210,A*01_B*07_DRB1*04,A*02_B*01_DRB1*03,0.0
SAMPLE_3974,A*04_B*02_DRB1*01,A*04_B*06_DRB1*01,0.0
SAMPLE_3546,A*01_B*05_DRB1*04,A*05_B*03_DRB1*02,0.0
SAMPLE_4362,A*02_B*02_DRB1*03,A*02_B*07_DRB1*02,0.0
SAMPLE_1922,A*02_B*07_DRB1*02,A*03_B*04_DRB1*04,0.0
SAMPLE_0352,A*01_B*06_DRB1*04,A*02_B*05_DRB1*03,0.0
SAMPLE_4899,A*04_B*05_DRB1*04,A*05_B*02_DRB1*02,0.0
SAMPLE_3394,A*05_B*01_DRB1*02,A*05_B*06_DRB1*04,0.0
SAMPLE_2722,A*01_B*05_DRB1*03,A*05_B*06_DRB1*04,0.0
SAMPLE_4982,A*03_B*04_DRB1*03,A*03_B*06_DRB1*02,0.0
SAMPLE_0719,A*02_B*05_DRB1*02,A*04_B*05_DRB1*02,0.0
SAMPLE_2703,A*02_B*04_DRB1*03,A*05_B*06_DRB1*04,0.0
SAMPLE_2723,A*01_B*01_DRB1*02,A*02_B*03_DRB1*03,0.0
SAMPLE_4562,A*04_B*04_DRB1*03,A*05_B*03_DRB1*02,0.0
SAMPLE_0309,A*01_B*03_DRB1*02,A*02_B*04_DRB1*01,0.0
SAMPLE_1676,A*02_B*02_DRB1*02,A*03_B*02_DRB1*02,0.0
SAMPLE_0834,A*02_B*05_DRB1*03,A*05_B*02_DRB1*02,0.0
SAMPLE_0367,A*03_B*03_DRB1*03,A*04_B*05_DRB1*03,0.0
SAMPLE_4507,A*01_B*02_DRB1*04,A*01_B*03_DRB1*04,0.0
SAMPLE_2079,A*03_B*06_DRB1*01,A*05_B*02_DRB1*04,0.0
SAMPLE_4039,A*04_B*01_DRB1*01,A*04_B*01_DRB1*04,0.0
SAMPLE_4847,A*02_B*02_DRB1*03,A*05_B*07_DRB1*04,0.0
SAMPLE_4480,A*04_B*03_DRB1*01,A*05_B*01_DRB1*04,0.0
SAMPLE_1747,A*05_B*03_DRB1*03,A*05_B*03_DRB1*04,0.0
SAMPLE_0020,A*03_B*02_DRB1*04,A*04_B*04_DRB1*01,0.0
SAMPLE_1323,A*01_B*07_DRB1*04,A*02_B*02_DRB1*01,0.0
SAMPLE_3568,A*03_B*06_DRB1*02,A*04_B*04_DRB1*02,0.0
SAMPLE_2522,A*02_B*01_DRB1*01,A*04_B*03_DRB1*03,0.0
SAMPLE_0219,A*01_B*02_DRB1*01,A*05_B*03_DRB1*02,0.0
SAMPLE_1488,A*01_B*07_DRB1*02,A*02_B*01_DRB1*03,0.0
SAMPLE_0439,A*04_B*03_DRB1*02,A*04_B*05_DRB1*04,0.0
SAMPLE_4175,A*03_B*03_DRB1*04,A*04_B*03_DRB1*01,0.0
SAMPLE_2751,A*01_B*02_DRB1*04,A*03_B*05_DRB1*03,0.0
SAMPLE_3289,A*02_B*05_DRB1*04,A*05_B*03_DRB1*02,0.0
SAMPLE_3434,A*01_B*07_DRB1*04,A*02_B*07_DRB1*03,0.0
SAMPLE_2526,A*02_B*01_DRB1*03,A*05_B*01_DRB1*04,0.0
SAMPLE_4651,A*02_B*03_DRB1*03,A*03_B*04_DRB1*03,0.0
SAMPLE_3689,A*02_B*07_DRB1*04,A*03_B*05_DRB1*04,0.0
SAMPLE_2764,A*01_B*03_DRB1*04,A*04_B*02_DRB1*04,0.0
SAMPLE_0803,A*01_B*03_DRB1*02,A*03_B*05_DRB1*03,0.0
SAMPLE_2998,A*01_B*03_DRB1*02,A*04_B*04_DRB1*01,0.0
SAMPLE_2229,A*01_B*06_DRB1*02,A*04_B*04_DRB1*01,0.0
SAMPLE_4786,A*01_B*07_DRB1*04,A*02_B*04_DRB1*01,0.0
SAMPLE_2078,A*01_B*01_DRB1*02,A*02_B*03_DRB1*02,0.0
SAMPLE_0583,A*01_B*02_DRB1*01,A*05_B*07_DRB1*01,0.0
SAMPLE_0204,A*01_B*07_DRB1*02,A*02_B*01_DRB1*03,0.0
SAMPLE_4347,A*01_B*01_DRB1*02,A*02_B*03_DRB1*03,0.0
SAMPLE_3479,A*03_B*03_DRB1*04,A*04_B*06_DRB1*01,0.0
SAMPLE_2930,A*01_B*01_DRB1*01,A*04_B*01_DRB1*03,0.0
SAMPLE_3086,A*01_B*02_DRB1*04,A*04_B*02_DRB1*01,0.0
SAMPLE_1019,A*01_B*05_DRB1*03,A*01_B*06_DRB1*01,0.0
SAMPLE_1584,A*01_B*04_DRB1*03,A*05_B*05_DRB1*02,0.0
SAMPLE_1033,A*01_B*02_DRB1*04,A*05_B*01_DRB1*02,0.0
SAMPLE_1719,A*02_B*01_DRB1*03,A*04_B*02_DRB1*03,0.0
SAMPLE_1282,A*01_B*02_DRB1*04,A*01_B*03_DRB1*02,0.0
SAMPLE_2499,A*01_B*06_DRB1*02,A*02_B*05_DRB1*01,0.0
SAMPLE_3351,A*03_B*07_DRB1*02,A*04_B*06_DRB1*03,0.0
SAMPLE_0518,A*01_B*03_DRB1*02,A*04_B*04_DRB1*02,0.0
SAMPLE_1748,A*02_B*03_DRB1*02,A*04_B*02_DRB1*02,0.0
SAMPLE_4653,A*01_B*06_DRB1*04,A*04_B*06_DRB1*01,0.0
SAMPLE_3733,A*02_B*07_DRB1*02,A*02_B*07_DRB1*02,0.0
SAMPLE_0669,A*02_B*01_DRB1*04,A*04_B*03_DRB1*03,0.0
SAMPLE_4060,A*01_B*07_DRB1*02,A*03_B*05_DRB1*04,0.0
SAMPLE_3027,A*02_B*07_DRB1*01,A*03_B*06_DRB1*03,0.0
SAMPLE_4933,A*01_B*01_DRB1*02,A*04_B*04_DRB1*01,0.0
SAMPLE_3287,A*01_B*03_DRB1*03,A*05_B*03_DRB1*04,0.0
SAMPLE_2651,A*01_B*01_DRB1*02,A*05_B*01_DRB1*02,0.0
SAMPLE_4454,A*04_B*02_DRB1*02,A*04_B*02_DRB1*04,0.0
SAMPLE_3193,A*03_B*03_DRB1*02,A*04_B*02_DRB1*04,0.0
SAMPLE_2125,A*04_B*01_DRB1*01,A*05_B*07_DRB1*01,0.0
SAMPLE_3376,A*02_B*07_DRB1*04,A*03_B*04_DRB1*01,0.0
SAMPLE_3393,A*04_B*06_DRB1*01,A*05_B*03_DRB1*02,0.0
SAMPLE_3486,A*02_B*01_DRB1*03,A*04_B*01_DRB1*03,0.0
SAMPLE_0760,A*02_B*05_DRB1*03,A*05_B*02_DRB1*04,0.0
SAMPLE_3380,A*02_B*04_DRB1*04,A*05_B*07_DRB1*04,0.0
SAMPLE_4441,A*03_B*01_DRB1*04,A*04_B*02_DRB1*01,0.0
SAMPLE_2527,A*01_B*03_DRB1*04,A*01_B*07_DRB1*04,0.0
SAMPLE_4859,A*02_B*02_DRB1*02,A*02_B*04_DRB1*01,0.0
SAMPLE_0908,A*01_B*03_DRB1*01,A*05_B*07_DRB1*04,0.0
SAMPLE_2684,A*02_B*07_DRB1*04,A*04_B*01_DRB1*01,0.0
SAMPLE_0215,A*01_B*06_DRB1*04,A*02_B*05_DRB1*01,0.0
SAMPLE_3332,A*02_B*06_DRB1*04,A*04_B*06_DRB1*04,0.0
SAMPLE_4459,A*03_B*05_DRB1*03,A*05_B*02_DRB1*02,0.0
SAMPLE_0694,A*01_B*05_DRB1*03,A*05_B*01_DRB1*01,0.0
SAMPLE_1504,A*01_B*04_DRB1*03,A*05_B*01_DRB1*02,0.0
SAMPLE_2415,A*02_B*05_DRB1*02,A*03_B*05_DRB1*03,0.0
SAMPLE_2119,A*01_B*07_DRB1*04,A*04_B*02_DRB1*04,0.0
SAMPLE_3859,A*02_B*05_DRB1*03,A*05_B*02_DRB1*02,0.0
SAMPLE_2463,A*01_B*03_DRB1*04,A*02_B*02_DRB1*03,0.0
SAMPLE_3636,A*02_B*05_DRB1*01,A*05_B*07_DRB1*04,0.0
SAMPLE_4106,A*01_B*07_DRB1*02,A*04_B*07_DRB1*02,0.0
SAMPLE_4479,A*04_B*02_DRB1*04,A*05_B*02_DRB1*04,0.0
SAMPLE_0197,A*02_B*01_DRB1*01,A*05_B*07_DRB1*02,0.0
SAMPLE_4668,A*02_B*02_DRB1*03,A*02_B*07_DRB1*02,0.0
SAMPLE_1544,A*01_B*01_DRB1*02,A*03_B*01_DRB1*01,0.0
SAMPLE_1331,A*03_B*04_DRB1*03,A*05_B*03_DRB1*01,0.0
SAMPLE_0880,A*01_B*06_DRB1*03,A*03_B*04_DRB1*03,0.0
SAMPLE_4503,A*02_B*02_DRB1*02,A*04_B*06_DRB1*03,0.0
SAMPLE_3502,A*04_B*02_DRB1*03,A*05_B*07_DRB1*04,0.0
SAMPLE_3895,A*01_B*07_DRB1*03,A*03_B*01_DRB1*03,0.0
SAMPLE_4991,A*02_B*01_DRB1*04,A*04_B*06_DRB1*03,0.0
SAMPLE_0888,A*02_B*05_DRB1*04,A*05_B*01_DRB1*02,0.0
SAMPLE_1346,A*03_B*01_DRB1*04,A*04_B*05_DRB1*03,0.0
SAMPLE_0069,A*03_B*05_DRB1*02,A*04_B*05_DRB1*03,0.0
SAMPLE_4211,A*02_B*07_DRB1*02,A*03_B*03_DRB1*02,0.0
SAMPLE_1816,A*01_B*06_DRB1*04,A*04_B*06_DRB1*04,0.0
SAMPLE_0569,A*03_B*04_DRB1*03,A*05_B*02_DRB1*04,0.0
SAMPLE_2168,A*01_B*07_DRB1*02,A*02_B*02_DRB1*04,0.0
SAMPLE_0097,A*04_B*04_DRB1*03,A*05_B*02_DRB1*03,0.0
SAMPLE_4182,A*02_B*03_DRB1*02,A*03_B*02_DRB1*03,0.0
SAMPLE_3354,A*03_B*05_DRB1*03,A*05_B*06_DRB1*01,0.0
SAMPLE_0140,A*04_B*05_DRB1*03,A*05_B*01_DRB1*02,0.0
SAMPLE_4955,A*01_B*01_DRB1*03,A*01_B*07_DRB1*02,0.0
SAMPLE_2603,A*02_B*07_DRB1*02,A*05_B*07_DRB1*02,0.0
SAMPLE_4024,A*01_B*01_DRB1*02,A*04_B*05_DRB1*04,0.0
SAMPLE_4773,A*01_B*06_DRB1*02,A*02_B*04_DRB1*03,0.0
SAMPLE_1607,A*01_B*07_DRB1*02,A*04_B*04_DRB1*04,0.0
SAMPLE_1630,A*02_B*04_DRB1*03,A*05_B*07_DRB1*03,0.0
SAMPLE_1540,A*01_B*06_DRB1*03,A*05_B*06_DRB1*04,0.0
SAMPLE_1695,A*01_B*01_DRB1*04,A*04_B*03_DRB1*03,0.0
SAMPLE_2060,A*01_B*06_DRB1*01,A*04_B*05_DRB1*03,0.0
SAMPLE_0464,A*02_B*03_DRB1*04,A*03_B*06_DRB1*01,0.0
SAMPLE_2331,A*03_B*01_DRB1*02,A*04_B*05_DRB1*04,0.0
SAMPLE_3044,A*02_B*07_DRB1*04,A*04_B*01_DRB1*01,0.0
SAMPLE_4735,A*02_B*07_DRB1*02,A*03_B*05_DRB1*01,0.0
SAMPLE_0595,A*02_B*05_DRB1*02,A*04_B*05_DRB1*02,0.0
SAMPLE_3815,A*04_B*04_DRB1*03,A*05_B*06_DRB1*04,0.0
SAMPLE_0626,A*03_B*04_DRB1*03,A*05_B*01_DRB1*02,0.0
SAMPLE_0451,A*01_B*01_DRB1*01,A*02_B*02_DRB1*03,0.0
SAMPLE_1500,A*02_B*04_DRB1*04,A*05_B*03_DRB1*02,0.0
SAMPLE_2457,A*02_B*01_DRB1*02,A*03_B*05_DRB1*04,0.0
SAMPLE_4723,A*01_B*02_DRB1*02,A*03_B*04_DRB1*03,0.0
SAMPLE_2985,A*05_B*02_DRB1*01,A*05_B*06_DRB1*01,0.0
SAMPLE_1570,A*01_B*03_DRB1*02,A*03_B*05_DRB1*03,0.0
SAMPLE_1035,A*01_B*07_DRB1*02,A*02_B*06_DRB1*02,0.0
SAMPLE_3519,A*02_B*03_DRB1*01,A*03_B*03_DRB1*03,0.0
SAMPLE_1558,A*02_B*03_DRB1*03,A*05_B*01_DRB1*02,0.0
SAMPLE_3625,A*01_B*01_DRB1*01,A*05_B*07_DRB1*04,0.0
SAMPLE_4665,A*02_B*06_DRB1*03,A*05_B*01_DRB1*04,0.0
SAMPLE_0151,A*01_B*02_DRB1*04,A*03_B*05_DRB1*04,0.0
SAMPLE_1421,A*02_B*07_DRB1*04,A*04_B*06_DRB1*03,0.0
SAMPLE_2012,A*04_B*02_DRB1*03,A*05_B*03_DRB1*01,0.0
SAMPLE_2687,A*03_B*02_DRB1*03,A*05_B*01_DRB1*01,0.0
SAMPLE_1787,A*05_B*02_DRB1*03,A*05_B*07_DRB1*04,0.0
SAMPLE_0089,A*02_B*07_DRB1*01,A*04_B*04_DRB1*03,0.0
SAMPLE_0458,A*03_B*02_DRB1*03,A*03_B*06_DRB1*03,0.0
SAMPLE_1306,A*01_B*02_DRB1*03,A*05_B*01_DRB1*01,0.0
SAMPLE_2926,A*01_B*06_DRB1*01,A*05_B*07_DRB1*04,0.0
SAMPLE_3271,A*02_B*01_DRB1*01,A*05_B*01_DRB1*04,0.0
SAMPLE_3228,A*02_B*04_DRB1*01,A*05_B*01_DRB1*04,0.0
SAMPLE_1989,A*02_B*07_DRB1*02,A*03_B*06_DRB1*03,0.0
SAMPLE_3755,A*04_B*05_DRB1*03,A*05_B*01_DRB1*04,0.0
SAMPLE_3647,A*01_B*04_DRB1*02,A*03_B*04_DRB1*03,0.0
SAMPLE_0832,A*03_B*04_DRB1*03,A*05_B*05_DRB1*02,0.0
SAMPLE_0240,A*03_B*05_DRB1*03,A*05_B*07_DRB1*01,0.0
SAMPLE_4682,A*02_B*01_DRB1*01,A*03_B*02_DRB1*01,0.0
SAMPLE_3023,A*04_B*05_DRB1*01,A*04_B*07_DRB1*01,0.0
SAMPLE_3149,A*01_B*03_DRB1*04,A*02_B*06_DRB1*04,0.0
SAMPLE_1947,A*03_B*03_DRB1*04,A*04_B*02_DRB1*03,0.0
SAMPLE_2776,A*02_B*03_DRB1*03,A*02_B*07_DRB1*02,0.0
SAMPLE_0193,A*04_B*06_DRB1*03,A*05_B*01_DRB1*01,0.0
SAMPLE_4850,A*03_B*05_DRB1*04,A*05_B*01_DRB1*04,0.0
SAMPLE_4940,A*03_B*06_DRB1*04,A*04_B*05_DRB1*04,0.0
SAMPLE_0945,A*04_B*06_DRB1*01,A*05_B*07_DRB1*04,0.0
SAMPLE_1269,A*01_B*06_DRB1*01,A*04_B*06_DRB1*03,0.0
SAMPLE_4232,A*02_B*03_DRB1*04,A*05_B*01_DRB1*04,0.0
SAMPLE_2308,A*02_B*02_DRB1*04,A*02_B*05_DRB1*04,0.0
SAMPLE_4425,A*01_B*02_DRB1*03,A*03_B*02_DRB1*03,0.0
SAMPLE_4712,A*02_B*07_DRB1*04,A*04_B*01_DRB1*01,0.0
SAMPLE_2314,A*02_B*06_DRB1*02,A*03_B*04_DRB1*04,0.0
SAMPLE_3215,A*02_B*01_DRB1*02,A*04_B*03_DRB1*04,0.0
SAMPLE_2733,A*02_B*03_DRB1*02,A*03_B*05_DRB1*04,0.0
SAMPLE_1927,A*04_B*06_DRB1*04,A*05_B*01_DRB1*02,0.0
